"replicate","median_correlation"
1,0.0899060125144837
2,0.0591238905271347
3,0.120214990982604
4,0.155340389032253
5,0.0309875505804189
6,0.00610446760043021
7,-0.057990926103176
8,0.0613091648332655
9,0.20070326541565
10,-0.015829536756883
11,0.0117137535371195
12,0.128048814669865
13,0.23954805895943
14,0.0906446114501035
15,0.265409884521587
16,0.21687101499837
17,0.0107435793784616
18,0.0835020670628967
19,0.119416076738867
20,0.0348117423796749
21,0.145178233356069
22,0.0391957580707924
23,0.0716796049647991
24,0.0182918697864814
25,0.209421074411319
26,0.011187945910347
27,0.155241209794482
28,0.115849499366828
29,0.091922911224258
30,-0.0337344113890407
31,-0.0120729938439724
32,0.0991168081388905
33,-0.00186221457404605
34,-0.0105677175798632
35,0.166004574962105
36,0.082442845164682
37,0.244258393962572
38,0.0044799245381205
39,0.00900441470820996
40,0.0158819293281956
41,0.00126684983358718
42,0.0668004149383919
43,-0.0832571715923199
44,0.26622994620836
45,0.0773838084320454
46,-0.078734767005768
47,0.137288040907911
48,0.151369242445628
49,0.0383941620522875
50,0.224703694488592
51,0.185708308552324
52,0.13005407551
53,0.171743756036709
54,-0.0269308489273432
55,-0.0223986462733344
56,0.0631825101523059
57,0.177370626079357
58,0.104477493584999
59,0.0317914423210977
60,0.137922826419922
61,0.10069570666014
62,0.139366932915408
63,-0.0338057356116147
64,0.0481631441246425
65,0.151998344491549
66,0.0353479777291457
67,0.0883944911824673
68,0.0782489172271007
69,0.0289050829172179
70,-0.0384774518040277
71,0.0710447334190185
72,0.0750788459120352
73,-0.0234216529554363
74,0.169028940847972
75,-0.00928869158575744
76,0.14673047346575
77,0.0714663314745447
78,0.0386289448775841
79,0.141047962510496
80,0.171015304039666
81,0.131257498903009
82,0.0765448664187979
83,0.0217334768770595
84,0.128206490359599
85,0.081758938984152
86,0.189655165669253
87,0.103145334872036
88,-0.0105127060446771
89,-0.156277363586485
90,0.0147550811832673
91,0.0968587899563564
92,0.0655859165709392
93,0.0844314927331755
94,0.154541424390831
95,0.204333250742955
96,0.112359713741977
97,-0.00532209010097331
98,0.177656410100829
99,0.067753046134945
100,-0.127212906342697
101,0.14214235837129
102,0.151417871663916
103,0.222264779473428
104,-0.0525910675128434
105,0.200789833067527
106,-0.124507864588552
107,0.0556084056778168
108,0.235660055330663
109,-0.0277714956978136
110,-0.0657005140409157
111,-0.0015029971784024
112,0.0749202633807398
113,0.263084066588139
114,0.08850146239106
115,0.0663463241643145
116,-0.00671091422366946
117,0.104730153929996
118,0.0254614917274453
119,-0.119063214274549
120,-0.0138351122828429
121,0.0214722127229741
122,0.256567894256082
123,0.162716162382886
124,0.183634653293668
125,0.145857344853034
126,0.0308579985180599
127,0.142743899493805
128,-0.0522141713233338
129,0.148323193980223
130,0.0776450285646021
131,0.036449067040082
132,0.0597392794964142
133,0.109327223110521
134,0.159549611685959
135,0.162846733979035
136,0.171723598955572
137,0.139290343862367
138,0.171355020440619
139,0.0260077887943517
140,0.00546162010690947
141,-0.217434586287636
142,-0.0450560921353678
143,0.0333720828342337
144,0.201841166145634
145,0.139825776779289
146,0.105504920607813
147,0.251653115080516
148,0.075660243456566
149,-0.0578631449714757
150,0.0779628638572866
151,0.178187947751783
152,0.0193745937988249
153,0.0876495027737458
154,0.222501569881421
155,0.0812264015584365
156,0.0328432940425211
157,0.101408666493218
158,0.0312046653344796
159,0.176281973418484
160,0.106248544034281
161,0.0163484104720076
162,-0.106968798570696
163,0.132035473412128
164,0.0687588954903082
165,-0.145081210715568
166,-0.0108752273916615
167,0.0927260557084561
168,0.197603604289406
169,0.124835520638654
170,0.0279033597716673
171,0.0948138038979897
172,-0.0959539087631526
173,0.16865808838356
174,0.104139711264176
175,0.0413707134363236
176,0.0214538662789451
177,0.171476813574227
178,0.0993306941332649
179,0.144641541448267
180,0.282948235286688
181,-0.132990691113002
182,0.0741801800043006
183,0.166132834260691
184,-0.000363341406007488
185,0.138463781643649
186,0.0944179589933991
187,0.278958062547705
188,0.216413096932151
189,0.00862839454835328
190,-0.0837191799379989
191,0.0313735020961606
192,0.142687357631425
193,0.161345360419039
194,-0.218700808873169
195,0.00973798652957435
196,0.170756913312437
197,0.0225142973142035
198,0.0234131806915706
199,-0.0521259670790302
200,0.140331088506279
201,0.191428775838038
202,-0.117679462808318
203,0.0465284775363453
204,0.0385434678613614
205,-0.0496431933842647
206,0.1897272570219
207,0.146583337441874
208,-0.224723431317832
209,0.051730672382161
210,0.231886216740294
211,0.155352700176679
212,0.0523263592031935
213,0.120034736567526
214,0.0676026104701724
215,0.0699674685491272
216,0.241517912138688
217,0.00599290513948174
218,0.0538924929814758
219,0.112255072274513
220,0.147420425352702
221,0.0404931133718865
222,-0.0109246956220724
223,0.0959016614878197
224,0.186119122104335
225,0.140976293172928
226,-0.0831294940470559
227,-0.185770884787676
228,0.169439168199775
229,0.121719120154497
230,0.102638600651747
231,0.0261017925982261
232,0.0948804193190694
233,0.265117664465294
234,0.0171081488852514
235,0.146490672612099
236,-0.0819630982463009
237,-0.0925460858483271
238,-0.0811939878206548
239,-0.14311543337368
240,0.230643705680698
241,0.216755781851037
242,0.0540549988369564
243,0.155109400746763
244,0.158044293272925
245,0.202679558410771
246,-0.0794888535448328
247,0.13252135498697
248,0.192419142400089
249,0.03379545473257
250,0.0516029895493349
251,-0.050338308365418
252,-0.0972047031999163
253,0.195797084284024
254,0.11667191434
255,0.474999797589604
256,0.074437562393765
257,0.00113546908505417
258,0.215397051421439
259,0.0609807725247986
260,0.257492669177035
261,0.235717844287636
262,-0.0594059993903068
263,0.0902280974229802
264,-0.101869080081018
265,-0.120081087318264
266,0.103524745286082
267,0.206875790784772
268,0.0723011102543401
269,-0.0775963491475544
270,0.135475236506515
271,-0.0550107023342154
272,0.115863994940009
273,0.00357176749184266
274,-0.109681194420986
275,-0.0652527754330414
276,0.123729521269737
277,0.117330592414278
278,0.249997498838662
279,0.158417485569665
280,-0.106703171142245
281,0.130310723406729
282,0.218117608735159
283,-0.210200824302983
284,0.0284342997749781
285,0.0646888379221744
286,0.0601391255558768
287,0.11537877464242
288,-0.0705960079605561
289,0.00840698023832062
290,0.074629591552562
291,-0.0261172952381666
292,0.166333976178104
293,0.331532628515763
294,0.0792020064705313
295,0.104119040081584
296,-0.0302370370687219
297,0.189015884706243
298,0.105253459883547
299,0.0151273671973249
300,0.0379465176001166
301,0.137408578962149
302,0.158367560533506
303,-0.172885815904385
304,-0.021282204056803
305,0.168900033173787
306,-0.128262434514371
307,0.0689959261396085
308,0.0062700417901042
309,0.0297164917503794
310,0.0860325808193352
311,0.104017320944448
312,-0.0650270209537732
313,0.120467017177329
314,-0.0537925126268969
315,0.210335014628834
316,0.270335548023209
317,0.105555961271617
318,0.103081616465002
319,0.17471716680117
320,0.0558349513972203
321,0.108748126677005
322,0.167989015241916
323,0.14611152562108
324,0.0313069566729558
325,-0.0565964136482702
326,0.0462003883257612
327,0.0315390908713388
328,0.0825612595109019
329,0.0875523971918744
330,0.0521398613954621
331,0.272122403244598
332,0.227273780584146
333,0.0709585422514399
334,0.0265979492172143
335,0.114293434018754
336,0.197047977150033
337,0.0594297841662714
338,0.172574370835305
339,0.0984817521689683
340,-0.0880157440753765
341,0.175890989145781
342,-0.00206892889525866
343,0.0598246119408677
344,0.0162345719074064
345,-0.01885058193581
346,0.329736532700701
347,0.243341930670918
348,0.134421165483426
349,0.0589449899787615
350,0.147070539230717
351,0.0934075474053609
352,0.0664648918951121
353,-0.233302246521596
354,0.104305314586797
355,0.114608072266669
356,-0.0630921789788564
357,0.0722529668922815
358,-0.0206454007285346
359,-0.0978980012996614
360,0.0507182080477327
361,0.133729767888557
362,-0.113299018712832
363,0.144020819687834
364,-0.0369811846698067
365,1.53409126709813e-05
366,0.000940023479940953
367,0.0556518798103795
368,0.210071562540304
369,0.180179931840329
370,0.0945528842249739
371,-0.0250986376995642
372,0.243060302008406
373,0.255546540762434
374,0.173005266347268
375,0.0919787627746058
376,0.0130609811565306
377,-0.0237466392230429
378,0.125802840703613
379,0.16155535237629
380,0.209117759147973
381,0.0595894359063119
382,0.109471377215605
383,0.360063814589872
384,-0.0405124439965505
385,0.244365286209803
386,0.238109997626419
387,-0.0853763414765985
388,0.285101757256077
389,-0.0286048793208534
390,0.0137001101990273
391,-0.0387594716568476
392,0.0910480485601649
393,0.0657086386866635
394,0.0823070474020621
395,0.031326764764638
396,-0.0758882257651868
397,0.0732257595424121
398,0.160720329749537
399,0.21967679201234
400,0.0706321590573023
401,0.138623374454914
402,0.16407683227346
403,0.0683445880011908
404,-0.0202523474094959
405,0.186356714165691
406,0.063440526125199
407,0.28350291420479
408,0.140823278486179
409,-0.198525751834516
410,0.0834001298869929
411,0.0644804635450952
412,0.165052289645098
413,0.196004342629334
414,0.0262282666890886
415,0.0466549060116381
416,0.0537723140725636
417,-0.0387882836386473
418,-0.107383142705851
419,0.26219271199625
420,0.0593226389868218
421,-0.0392934413380592
422,0.00516931671548627
423,0.0945997355580495
424,0.0638433623005746
425,0.0533074760722653
426,0.143476626935221
427,0.137470613839571
428,0.129781751108866
429,0.0642330097850892
430,0.133194950347693
431,0.175113565302595
432,-0.0626532008004803
433,0.0836483053608785
434,0.0327601983465655
435,-0.0718217629940129
436,-0.121759371080557
437,0.0315399805286686
438,0.0396550511273792
439,0.10595194289753
440,0.030769765478375
441,0.0739435404899641
442,-0.0120214540400343
443,-0.121850160116402
444,0.15635103174375
445,0.153108733463448
446,0.297694273502675
447,-0.084042734667655
448,-0.0922255503503527
449,0.0481561198153743
450,-0.020654776070231
451,0.16843585803854
452,-0.00292084592454448
453,0.120744305333657
454,0.138838730768863
455,0.0545326183326895
456,0.0335179097074617
457,-0.00403482599661424
458,0.0286077813723782
459,-0.0214533190204151
460,0.054763998664457
461,0.272250764119346
462,-0.0285360377667906
463,0.0722099442945245
464,0.177144686483609
465,0.04026255081569
466,0.356713147260871
467,0.0956307759163001
468,0.0876370597681414
469,-0.145336807362674
470,0.0940229696625206
471,0.0363602336268269
472,0.0540920507369854
473,0.094724646236234
474,0.204004471018386
475,0.0783762683401114
476,0.218954343220316
477,-0.139333385908041
478,0.127082727536851
479,-0.0936679286928229
480,0.0801066941479335
481,-0.00946389926910869
482,0.0324524089206076
483,0.173693461731075
484,-0.165656931347745
485,0.209424350674338
486,0.0700172099358568
487,-0.0173660385364521
488,0.0757110239430279
489,0.00102762782596286
490,-0.0351254988020308
491,0.161146774376592
492,0.292594379867014
493,0.00385985287007276
494,0.205545123248205
495,0.048988672803965
496,-0.0720143718737944
497,-0.0422071557833205
498,0.00118835109359649
499,0.175827329515256
500,0.0864964464037989
501,0.0890210254551709
502,0.02058119611836
503,0.249194284722622
504,-0.161222698142416
505,0.0522272169631667
506,0.03192892227315
507,0.138477571832912
508,0.0196086114662453
509,0.0973193290160025
510,0.103834701649139
511,-0.0740289774419576
512,0.322357744202326
513,0.150906897359017
514,0.227006365821065
515,-0.0776913554217165
516,-0.0158250055042621
517,-0.0681614157740351
518,0.100578042855423
519,0.310980367379452
520,-0.0139424792793134
521,-0.0977803241138399
522,0.0699630828218606
523,-0.163706156017547
524,0.0364463581066034
525,0.0570939405233256
526,0.252245970670958
527,0.10256244010756
528,0.0507560746607053
529,0.260350289050953
530,0.00757167033654424
531,0.125149686143557
532,0.0878835121408881
533,0.14729336554956
534,0.137187827558494
535,0.131765095138603
536,0.26661829077488
537,-0.00703614652354466
538,0.0956094261295958
539,-0.0239941943538036
540,0.0577091222350415
541,-0.153154230506751
542,-0.147674314298201
543,-0.0808783103042869
544,0.110290868502191
545,0.158543734065419
546,0.101679864519328
547,0.192788153190317
548,0.204326505509191
549,-0.183541637532959
550,0.151416641487507
551,0.0835770704895561
552,0.17392937694194
553,0.103408823357056
554,-0.0762773390869798
555,0.122755035095314
556,0.224743072495985
557,0.148732067886117
558,0.12220361376398
559,-0.300982254348104
560,0.0419578127866045
561,0.323969165686588
562,0.115245381369509
563,0.331200413760062
564,0.0105831657533607
565,-0.0984094759828394
566,-0.0531943914420636
567,0.155913208436802
568,0.166041672878986
569,0.0783698034690902
570,0.293678553099429
571,-0.120017980639703
572,-0.112291944296169
573,0.114562356966227
574,0.0295724021278199
575,0.198984650988008
576,0.303867600137163
577,-0.130098986725541
578,0.0701551579745065
579,0.028204579617417
580,-0.0337129461528535
581,0.104232354112937
582,0.0748427938376331
583,0.14857676976383
584,0.126066101373837
585,0.324871855763164
586,-0.0927215624915473
587,0.231425701021443
588,-0.156313070999572
589,0.0778558932373146
590,0.0621705128181101
591,0.129252115309262
592,0.178923353828081
593,0.174713448923373
594,0.127996171312544
595,-0.0347368239729279
596,0.0232981130014026
597,0.204131047184725
598,-0.00944829224556666
599,0.0866357659461147
600,0.103138787549473
601,0.0937956029433612
602,0.0158026468470995
603,0.0332569715779258
604,0.0397161963782314
605,0.0228372782939
606,0.118173398443709
607,0.144926960444375
608,-0.0221652148531789
609,0.176883753537837
610,0.206580339859728
611,0.20955360134785
612,0.209343676731959
613,0.187861175244831
614,0.0497372827126291
615,0.0760486278259686
616,0.0577911184764899
617,-0.0411831196466218
618,-0.0260039425402862
619,0.14940150967371
620,0.249704454177923
621,0.062391094474408
622,0.109442932150022
623,0.139747432945832
624,0.269791864336412
625,0.255068483890485
626,0.160669066220408
627,0.0836171401594754
628,-0.047525214650766
629,-0.043915839006673
630,0.150689142732241
631,0.198515559465367
632,0.0844464705986799
633,0.158632539960821
634,0.171952130748088
635,0.144018644497182
636,0.00620228615390002
637,-0.0122349029598833
638,0.0324707944490071
639,0.234160097408307
640,0.25860125327028
641,0.168755921806408
642,0.204585932908064
643,0.151520442673424
644,0.164912535623027
645,0.0957057771358432
646,0.0836318340952169
647,0.0856280531048336
648,-0.0228004221562455
649,-0.00774861614345464
650,0.11340755723211
651,0.115215047649049
652,0.147839135903666
653,-0.0920501415365742
654,0.0302935758662792
655,0.0444032372612213
656,-0.111049867267414
657,-0.0131100552559194
658,0.0757177043485225
659,0.0286896098355366
660,0.067691579435747
661,0.0895883294166858
662,0.132786203363897
663,0.045849563192271
664,0.147754248866303
665,0.119664388611595
666,0.0988071812635253
667,-0.0316138522427393
668,-0.0504695601165209
669,-0.114990118775366
670,0.0898669781169656
671,0.0769242663353917
672,0.116953699070003
673,-0.0652364421476125
674,-0.030406980011259
675,0.202806959992183
676,0.0620629701624433
677,0.0142843151436357
678,0.0503169190539316
679,0.0163553501257964
680,-0.0508110910430274
681,0.146740954651707
682,0.0362034882778842
683,-0.0751670344218954
684,0.0896037794254026
685,-0.000395083774112688
686,-0.109435192311024
687,0.0693541069923228
688,0.10085129724315
689,0.208814703761019
690,0.0312531503216812
691,0.0363940397754904
692,0.124267438322066
693,0.000737884298285474
694,0.110517864644377
695,0.0777602216758639
696,-0.0625459893987582
697,0.0770541051829441
698,0.183864509918452
699,-0.0861236265032581
700,0.224441457035982
701,0.0111663098858204
702,-0.065860966587812
703,0.0468081325281729
704,-0.160043769839408
705,0.0225254982403516
706,0.00938951228740792
707,0.0609886518689369
708,0.0838215673961145
709,-0.0870763166228907
710,-0.0239825528054801
711,0.00013796591704046
712,0.0160626480053442
713,0.102975089349402
714,0.199133894576384
715,-0.108793670821315
716,0.084205572104729
717,0.0518671659284073
718,0.0742582637551704
719,0.254073168081106
720,0.0537547491435409
721,0.0434946623383534
722,0.0504782159464863
723,0.0290937387851488
724,0.0793466538150421
725,0.0630928134507261
726,0.0923055295826436
727,0.0828759805677098
728,0.0986852205915633
729,0.086567942901047
730,0.074551046357334
731,0.122951706740257
732,0.233872849958358
733,0.100178176942451
734,-0.0732083504930779
735,0.0488198866473277
736,0.142115699319846
737,0.0877600142704446
738,-0.0742667570092375
739,0.00390241656148742
740,-0.0234623983293968
741,0.14252859937854
742,0.038622837378696
743,0.00747013384956123
744,-0.0428153511761901
745,-0.0741709307907146
746,0.116493374963742
747,0.128529138181355
748,0.20227480474687
749,-0.0450036112273882
750,0.00121387305243927
751,0.0202305792778839
752,-0.0177536414138881
753,0.0583496568441718
754,0.00938028374127762
755,0.263225192764194
756,0.0517893157758595
757,0.184010070987957
758,0.0221579479118151
759,0.0777741804817521
760,0.0589104077369398
761,0.157106944183241
762,0.117218288408771
763,-0.0889274142037986
764,0.107463632225256
765,0.164926231098243
766,-0.0995589938542462
767,0.206053010293044
768,0.0517140971077426
769,0.237288345958675
770,0.0409350108137614
771,0.114932408753754
772,0.00118107863629729
773,0.175655603011651
774,0.115188885224753
775,0.0469011609696135
776,0.149840174782212
777,0.0519527424471269
778,0.167067960680273
779,0.0341791454987348
780,0.0807417582384069
781,-0.0516724462716974
782,-0.057195388170091
783,0.0679573743900266
784,0.119772720201704
785,0.224019433169803
786,0.109769757323568
787,0.137812053411816
788,-0.102457518157216
789,0.212878743579501
790,0.172605776619391
791,-0.189548102704411
792,0.183320607840391
793,0.0685826006823467
794,-0.0655620411213967
795,0.0652831861714756
796,0.163467623281922
797,0.0368330449034077
798,0.20831382521313
799,0.0641625914705498
800,0.0704407172041025
801,0.20085171063857
802,-0.10066744086475
803,0.260895541044215
804,0.0989874783253343
805,-0.0967720738529796
806,-0.00378293997810664
807,0.197176999525967
808,-0.0374057457606265
809,0.118624647313416
810,-0.177537995561291
811,-0.0218652923607479
812,-0.0434983425059018
813,0.0417064941372761
814,0.0716928961093926
815,0.082920194839834
816,0.0835490103986756
817,0.0089528444033897
818,0.225038415878441
819,0.100598839569115
820,0.0564898588547958
821,0.202380612098018
822,0.025299287261739
823,0.142812354346273
824,-0.0318550845430329
825,0.117680009089167
826,0.0430299451372483
827,0.178056316129943
828,0.120876373533024
829,-0.0464482645549192
830,0.14759788849587
831,0.109723320703294
832,0.171368985582592
833,0.105735513631826
834,0.0071729581984665
835,0.237923045210412
836,-0.0980969534396275
837,0.013096958080743
838,0.190265995000238
839,0.150243619137455
840,0.0714351305627188
841,0.305621329502136
842,0.141887527549136
843,0.167390632381999
844,0.153982876366755
845,-0.0997084226866165
846,0.0991249645933157
847,-0.0882389765630678
848,0.239971086426015
849,0.00266940832446425
850,-0.127509523866547
851,0.00819751635215305
852,-0.0880166161516593
853,0.198625244603029
854,0.113433925315337
855,0.00223728196665545
856,0.095425894778535
857,-0.0261798669275737
858,0.0434597638657463
859,0.0683448529672391
860,0.0771248429678001
861,0.080400718220126
862,0.170946171703273
863,0.152002693322961
864,0.0889636113469464
865,0.100554905037953
866,0.0886843951969949
867,-0.0208670625417448
868,-6.85753579422188e-05
869,0.160480675472411
870,0.170534302142396
871,0.0454775333948002
872,0.0664444006673411
873,-0.00457406827895637
874,-0.0374440807959268
875,0.0805895857030954
876,0.0849869585127789
877,0.0065184372068802
878,0.267570876170828
879,-0.0534222228795403
880,0.135427576848434
881,0.275403400730402
882,0.105306921256325
883,0.0138854827618391
884,0.116970976346767
885,0.0653997823825039
886,0.150390315328949
887,-5.99120467682929e-05
888,0.125732768934309
889,0.044430491307188
890,-0.00781236995631219
891,0.0867111521911287
892,-0.0545851978397592
893,0.173505816700922
894,0.131210778557469
895,0.0560015104516241
896,0.108660081133854
897,0.17211876073638
898,0.0591672148967941
899,0.181696788577189
900,0.23122520313337
901,0.20706174802792
902,0.108131253642263
903,0.177932637463004
904,0.0838959495980611
905,0.251522399233997
906,0.0957783458518535
907,0.126294427065031
908,0.0441635429055772
909,-0.103480223758264
910,-0.106256679348629
911,0.229232135027536
912,0.0849193753928326
913,0.165978988619723
914,0.0925986775236211
915,0.247135345702185
916,0.120070928618152
917,-0.0164487743295948
918,0.0974945156459882
919,0.174242036153252
920,0.0429426954498303
921,0.193419904298759
922,0.0808864416444996
923,0.0476409388980551
924,0.0963358223521586
925,0.122997631230881
926,0.0312165416206522
927,0.142119118684516
928,0.358463185027218
929,0.347203713096754
930,0.117395181426719
931,-0.0109796743409054
932,0.116872054908996
933,0.00996485716314443
934,-0.0319688793099633
935,0.127834734255895
936,0.118655427416802
937,-0.0559450928328766
938,0.0763327782815142
939,0.0484734241732048
940,-0.114280367294149
941,-0.11321279300995
942,-0.01431015269019
943,-0.0384088403906891
944,0.215218794330881
945,0.0691711319794025
946,0.0374256750133303
947,0.113368031940219
948,0.0649607819528902
949,0.000181504308767427
950,0.0918101527986273
951,0.242118625667045
952,0.264218679347082
953,-0.0851066937063379
954,0.240704286834632
955,0.00278327751502103
956,0.115352822266136
957,0.0337590433821213
958,-0.0389194417586441
959,0.110423349612715
960,-0.0457098637736199
961,0.0763819611713501
962,0.0499913275391423
963,0.126880457397197
964,-0.0705193884593267
965,0.122212547437718
966,-0.0411974646417947
967,-0.0200365775806937
968,0.0519777751926433
969,0.15703878277515
970,0.193236510949094
971,0.0853999797908851
972,0.0828948672129441
973,0.158129748562215
974,0.228865083500443
975,0.111620016085151
976,0.0933971496522299
977,0.16908787896405
978,0.0722287013834381
979,0.123383412444639
980,-0.0395426310085996
981,0.0407800043464185
982,0.165217976445694
983,0.0604162524849585
984,-0.0261989586444044
985,-0.0165525258751649
986,0.111962875049552
987,0.1677507202776
988,0.198074750639545
989,0.0259956855100144
990,0.24022546864456
991,0.174018381199878
992,0.0337174609440244
993,0.159056776182356
994,-0.0251886980145056
995,-0.0728007697411984
996,0.126028635646525
997,0.0524092339308164
998,-0.0709320914390526
999,0.0768391322392059
1000,0.235712589002827
1001,0.15775709724851
1002,0.143371268906106
1003,0.147469359588908
1004,-0.204519293221789
1005,0.0169203261653977
1006,-0.0410018440768309
1007,0.123675926918918
1008,0.178339841923758
1009,0.0627462637441791
1010,-0.00484990501172455
1011,0.0813724805770013
1012,0.045011500740208
1013,0.033126530813967
1014,-0.00198952388954337
1015,0.021747101340377
1016,0.0633723446726906
1017,0.176946421121636
1018,-0.142820063065344
1019,0.171375524353905
1020,-0.0994070684194867
1021,0.207437956856143
1022,-0.0291156832078974
1023,0.0966116225161649
1024,0.083574960889317
1025,-0.0890187203266698
1026,0.00197882935019397
1027,0.0876134391897812
1028,0.0317792129608081
1029,0.143198192622144
1030,0.123867623313858
1031,0.0793187439213323
1032,-0.00452015675747452
1033,0.167247776258394
1034,0.172892534368526
1035,0.165835145229596
1036,0.139449344289676
1037,0.0467554448757109
1038,-0.0873538391705267
1039,0.0652225786749508
1040,0.114162191437059
1041,-0.0859029072256906
1042,0.155531421095485
1043,0.0226357910814374
1044,0.268887987175054
1045,0.00524747952461992
1046,-0.12229036533769
1047,-0.0206544653322286
1048,-0.0516693080922426
1049,0.0804583493528943
1050,0.173845198438092
1051,-0.0137970040534092
1052,-0.0803726984578509
1053,0.0614636036295362
1054,0.0941226641252632
1055,0.160030826206446
1056,0.0763859252923262
1057,0.00671617899054702
1058,0.335930989560174
1059,0.0405704890465226
1060,0.219733571708303
1061,0.147599181791148
1062,0.133576775589215
1063,-0.028608707376566
1064,0.188485683527952
1065,0.243453712303363
1066,0.203387322061005
1067,-0.00210343451549663
1068,0.309619383284706
1069,0.231107030472927
1070,0.328698739877449
1071,-0.052633337863675
1072,0.189593117223743
1073,0.170058152314543
1074,0.22611470454036
1075,0.0289491953040664
1076,0.239379520793877
1077,-0.00375823547361786
1078,0.0533009888251616
1079,-0.0180864338586945
1080,-0.0463019892677859
1081,0.37421502960275
1082,0.0508003816119037
1083,0.085629749995827
1084,-0.115971793813285
1085,0.341697176926326
1086,0.085293354081049
1087,-0.0820742081057694
1088,0.13020908150797
1089,0.0178561101052227
1090,-0.082441404182423
1091,0.0793581464125907
1092,0.329331890059216
1093,0.0274517185122817
1094,0.0338447849364559
1095,-0.0220758232552975
1096,0.10443431639561
1097,-0.0371562624498877
1098,0.14006089227488
1099,0.0945569115538734
1100,-0.0428206156461266
1101,0.272560658093924
1102,0.018709142163094
1103,0.110853194125978
1104,0.0923729743290664
1105,0.0507035237587801
1106,-0.0642711521884951
1107,-0.0569175614545902
1108,0.13242224533439
1109,0.305139853748603
1110,0.0154963052909681
1111,-0.0406364068502012
1112,0.0848187011628272
1113,-0.0497439759435858
1114,0.0595102104264707
1115,0.122805978922593
1116,0.254376107151644
1117,0.133524594789294
1118,0.16068383217373
1119,0.162009440577188
1120,0.191694636998484
1121,0.0603536439846961
1122,0.0937636797535518
1123,0.166068533757062
1124,0.0705415424632114
1125,0.280409812327363
1126,-0.0218419624707541
1127,0.140482669440092
1128,0.0946301240193291
1129,0.127478780962216
1130,0.127153211926695
1131,0.0217953094311801
1132,0.139934931838604
1133,0.191433382300963
1134,0.174054778462624
1135,0.223481088819832
1136,0.0002830316165833
1137,-0.025829606202412
1138,0.113982581302284
1139,0.0218004802987212
1140,0.0356596899876071
1141,0.03562853046153
1142,-0.0132730359473834
1143,0.106878994139846
1144,0.140039082528181
1145,0.0599075815101148
1146,0.0301677052002356
1147,-0.0115560421756974
1148,-0.102182268163196
1149,-0.0778962144613508
1150,0.174172892921375
1151,-0.0515734086521669
1152,-0.0238958863953955
1153,-0.0428122700158663
1154,0.230261007177191
1155,0.0171694758046538
1156,0.139113872949725
1157,-0.0205384651917638
1158,0.19788722478208
1159,0.0913301544691285
1160,0.14910018806496
1161,0.215302705517093
1162,-0.00724192405405611
1163,0.114990368637768
1164,0.00156672560542362
1165,0.33081302336403
1166,-0.0489367031944274
1167,0.0095712323054572
1168,0.00843542181537875
1169,-0.0721362075220415
1170,0.0831110711175486
1171,0.091955320760595
1172,0.0820818646029612
1173,0.0443996469760202
1174,-0.055568237432709
1175,0.0963043435855417
1176,0.0935256468238648
1177,-0.0594173368355394
1178,-0.0966081490026438
1179,0.13583629956891
1180,0.340951340116146
1181,-0.0707803024769626
1182,0.0254605381004653
1183,0.0655254603754313
1184,0.160995868089363
1185,-0.0256553687485593
1186,0.0323774200305279
1187,0.077636632696268
1188,0.0309220241230337
1189,0.0513649419161793
1190,0.0786543854148378
1191,-0.0618159898141761
1192,0.13656199095947
1193,0.0228667780371448
1194,0.176699071556524
1195,0.205511275724125
1196,0.0623162949246883
1197,-0.0308336580671685
1198,0.251324611782143
1199,-0.0590644371096062
1200,0.158845707699747
1201,0.241258669812424
1202,0.0919917751379311
1203,0.152856179250031
1204,0.0431659915290635
1205,-0.0433093373910333
1206,-0.0296086676509761
1207,0.196914301870863
1208,0.161215266627705
1209,0.016159888087284
1210,0.0651047410554822
1211,0.00565721337331826
1212,-0.0336070943688487
1213,-0.0471451270825018
1214,0.0330910636097469
1215,0.0640738610547839
1216,0.126776242046544
1217,0.140965569428813
1218,0.0517065637335401
1219,0.169104808493539
1220,0.100743693079304
1221,-0.0388603186537947
1222,-0.0639740683893906
1223,0.113188589770389
1224,0.0896878046913942
1225,0.0495164534768207
1226,-0.0185365078013017
1227,0.0715139408931765
1228,0.185748734542054
1229,0.0844026655286438
1230,0.122274728437226
1231,0.118981900003858
1232,0.196292097554874
1233,0.17553229292335
1234,0.0516197624189963
1235,0.24183675610777
1236,0.0557430215549422
1237,0.161977596743494
1238,0.161747799051907
1239,-0.000674821576435327
1240,0.0652209519128939
1241,0.149539416388974
1242,0.126584946525541
1243,0.137358598712892
1244,0.255496698824367
1245,0.0361004023611475
1246,0.108285606816386
1247,0.137907346479025
1248,-0.146277272920421
1249,0.0440831424197883
1250,0.0583502950786008
1251,0.1867530601167
1252,0.0268648213774901
1253,0.174166170326262
1254,-0.0196915282673363
1255,0.131553135833976
1256,0.148378445223534
1257,0.029751142689958
1258,0.0930128336016459
1259,0.0376436620169925
1260,0.131400763317842
1261,0.147930491510668
1262,0.235318384544657
1263,0.0876174416849548
1264,0.116135893214113
1265,0.188060532485493
1266,0.196466056428575
1267,0.0744278654209023
1268,0.0799713520776673
1269,0.0486973032758342
1270,0.193635686829359
1271,0.182907285411597
1272,-0.118379706068766
1273,0.0669970078242326
1274,0.267236411418964
1275,0.0788289902124228
1276,0.202286047694625
1277,-0.0583647157007606
1278,-0.107741106545818
1279,0.0634527406246503
1280,0.127170756673052
1281,-0.0248893710077042
1282,0.200256309349642
1283,0.235226568744439
1284,0.0725882778683092
1285,0.00722494584114439
1286,0.0112014428593723
1287,0.120993184982492
1288,0.46619314030435
1289,0.164166749547269
1290,0.101950690003729
1291,-0.0343278174149234
1292,0.122904705795646
1293,0.281061569812102
1294,0.177636791881651
1295,0.139094056941634
1296,-0.0197311226180678
1297,0.14060751597669
1298,0.18832010831039
1299,-0.0123858437451132
1300,0.123986734955366
1301,0.0850442090585846
1302,-0.00781075942501987
1303,-0.0823543510662667
1304,0.199678555570533
1305,0.216060256720674
1306,0.0974533365193281
1307,0.229725669237862
1308,0.132529478931719
1309,0.247912822115718
1310,0.145272522857343
1311,0.0144165949282733
1312,0.121355721922043
1313,0.23067035642962
1314,0.0511960623209258
1315,-0.0591663573783915
1316,0.0925814606808335
1317,0.0309789467233662
1318,0.181465231360119
1319,0.116402562703753
1320,0.0685497913305212
1321,0.140047352336917
1322,-0.153227989697271
1323,-0.0557542589636624
1324,0.197480596990302
1325,0.22066312688632
1326,0.0534804022153523
1327,0.0905280681305708
1328,0.209132825061606
1329,0.202242934063703
1330,-0.218353854761846
1331,0.0470667060403951
1332,0.0807267869499091
1333,-0.0399487469575403
1334,0.325148707672719
1335,0.0313238478031775
1336,0.0199948443326216
1337,0.0323378595872005
1338,0.0750915887653512
1339,0.108328634172123
1340,0.0207047703616892
1341,0.110121916880693
1342,0.0860521458866727
1343,0.0992306633507283
1344,0.270292667773804
1345,0.0385957694356711
1346,0.390018427060532
1347,0.181221322957789
1348,0.2258214725615
1349,-0.0991307558076854
1350,-0.110398856060937
1351,0.048149009041534
1352,0.0291386983312397
1353,0.00918145949072599
1354,0.181911747899901
1355,-0.0490500585952635
1356,0.092921938852138
1357,0.268230564711641
1358,-0.030943869802765
1359,0.00150402873895782
1360,0.172398738537711
1361,0.146310877330074
1362,0.119058969516745
1363,-0.0577813860674436
1364,-0.0558997998883925
1365,0.245886299603303
1366,-0.0441239485616092
1367,0.181004519199827
1368,0.244186977531679
1369,0.0987801595952752
1370,0.323940801719668
1371,0.00275347406724948
1372,0.108132174911006
1373,0.0229740777876524
1374,-0.201810598438883
1375,0.133133705578886
1376,0.0288054079140395
1377,0.0458676966788378
1378,0.0912756479653711
1379,0.114353020566527
1380,0.269912762963959
1381,0.0124489687497988
1382,0.0554947183335667
1383,0.0590318238023159
1384,0.0706077181498976
1385,0.157893799288933
1386,-0.0904101326466208
1387,-0.0434219195610604
1388,-0.0304024942809393
1389,0.06389812208474
1390,0.32504972047309
1391,0.222618942947184
1392,0.139553214544514
1393,0.0570590384920342
1394,-0.0101071222512444
1395,0.132151767794641
1396,0.213848052207499
1397,0.0448986840280282
1398,-0.0129558205776369
1399,0.21894795919035
1400,-0.0763174043825496
1401,0.0914534565784713
1402,0.272901483736252
1403,0.273025823496279
1404,0.10690968332426
1405,0.0541059601038561
1406,0.100806422445048
1407,0.100715634494079
1408,-0.00935187818695237
1409,0.0575075681902059
1410,-0.0541620356248075
1411,0.174749324646862
1412,0.252921993211007
1413,0.29130620593915
1414,-0.0581680522062178
1415,0.189176297907437
1416,0.00393569624627165
1417,-0.113960555050906
1418,0.144047620717574
1419,0.0679934786234814
1420,-0.135518296286546
1421,0.272527281626631
1422,-0.0896447787547634
1423,0.110023025109184
1424,-0.0193703454961851
1425,0.154836810091213
1426,-0.103917374159411
1427,0.124904978233012
1428,-0.0011108540425687
1429,0.155912666438129
1430,-0.155550980125435
1431,0.0265950147865503
1432,0.211779197959611
1433,0.105691710724949
1434,0.044680827166347
1435,-0.00380465191677064
1436,0.164102420159955
1437,0.0568697535684904
1438,0.02439641962362
1439,-0.00123629114245484
1440,0.0906271850845982
1441,-0.0500035086248732
1442,0.251484812026359
1443,0.0581670059560821
1444,-0.0841622695960241
1445,0.158700647209823
1446,0.0863981756852965
1447,0.116795043455372
1448,0.118703176388948
1449,0.0539210379819199
1450,0.418030558055877
1451,0.221166387489666
1452,0.256171134578792
1453,-0.12140440107232
1454,0.116716245948092
1455,0.0863978106248725
1456,-0.111831277491881
1457,0.069753269056586
1458,-0.0314764519667826
1459,0.0292523820171341
1460,-0.0422922942027485
1461,0.0360326146035264
1462,0.232126886534512
1463,0.0630093290305924
1464,0.112360327106933
1465,0.111285674333382
1466,-0.0759517848581491
1467,0.2075647772034
1468,-0.0231910942710691
1469,0.071572744877085
1470,0.423662364879625
1471,0.176702710669003
1472,0.303472692465437
1473,0.18000704518595
1474,0.0606785366780009
1475,0.0225827068579464
1476,0.155572455157457
1477,0.109382612934177
1478,0.1586087641772
1479,0.188995075400561
1480,-0.0597124453448127
1481,0.130887007097223
1482,0.147951494326189
1483,0.181175003708908
1484,0.0751263484820208
1485,-0.0065005590978627
1486,-0.0116274631286676
1487,0.0811866608669276
1488,0.291320058994113
1489,0.0673913083515247
1490,0.171470305291608
1491,0.207809347980972
1492,-0.0291060703658188
1493,0.0271741523009697
1494,-0.263569623706581
1495,0.265769973656034
1496,0.0670185701790303
1497,0.0595790453088735
1498,0.195177782393153
1499,0.0710333319181488
1500,-0.150869330318337
1501,0.137259986761079
1502,-0.0153995508278847
1503,0.00235243183299151
1504,0.165790340090257
1505,-0.0846310957280372
1506,0.270399736164352
1507,0.20991133826934
1508,-0.0434297078188144
1509,0.174852111076753
1510,0.196774967936044
1511,0.0894648180259263
1512,0.0752724162928567
1513,-0.0188197843984895
1514,0.0539934848557773
1515,0.243374519257899
1516,0.147358021147828
1517,0.213401798356153
1518,0.10051476893449
1519,0.0109688418961515
1520,-0.143501537498646
1521,0.0707712573974725
1522,0.191576051747556
1523,0.114385617165447
1524,0.100944749721975
1525,0.171867745826655
1526,0.198407921057159
1527,0.162673805471242
1528,0.0793440564077103
1529,-0.0839170252303098
1530,0.0099773018537831
1531,0.161630780259192
1532,0.0130546330933677
1533,-0.0551322109720043
1534,0.00794560456335483
1535,0.0801495471296688
1536,-0.0145240329909535
1537,-0.172043971183529
1538,0.0299880754865421
1539,-0.0701605307229515
1540,0.264488418309243
1541,0.0102897873284103
1542,0.0270362762627141
1543,0.0672810277944225
1544,0.132638947486369
1545,0.0757808495652194
1546,-0.153827687084957
1547,0.220024191763381
1548,0.0181986643867951
1549,0.0197208218380089
1550,0.0562001354391669
1551,0.0991620738680742
1552,0.200994294656282
1553,0.172969512119247
1554,0.056725752991636
1555,0.150165729972682
1556,0.0709974176183326
1557,-0.000343187384564403
1558,0.124664831290717
1559,0.0224495750244209
1560,-0.0770951130832426
1561,0.0674343166615828
1562,-0.00755052490871314
1563,-0.0442587844880042
1564,0.0674900479402144
1565,0.197942830635803
1566,-0.1615247564215
1567,0.0681986168698174
1568,0.0827597183700989
1569,-0.0419921984307054
1570,0.159503655182955
1571,0.197055289319327
1572,-0.00505511476322045
1573,0.243700730635017
1574,0.088714978647292
1575,0.26156790417367
1576,0.0912758426678354
1577,0.212164454903267
1578,0.155210275315041
1579,0.163244377608018
1580,0.0856607432389869
1581,0.0469843458320046
1582,0.060443877133765
1583,0.0919775692379007
1584,-0.0446266684939038
1585,0.0815846168963584
1586,-0.0200929963435434
1587,0.0805872481624151
1588,0.291313365211152
1589,-0.0304547410715613
1590,0.0586056870559393
1591,0.149929403078515
1592,0.135771214497152
1593,0.0835987692444219
1594,-0.0298406749347119
1595,0.0339544300567247
1596,0.0105446929115762
1597,0.0728492780308953
1598,0.236346988177085
1599,0.0760311079800094
1600,-0.116764902401284
1601,0.118543644722375
1602,0.151705663844863
1603,0.020863341508008
1604,0.122878946625152
1605,-0.13186526100211
1606,0.0910970745065928
1607,0.125696083307746
1608,0.0763754344449097
1609,0.0376517456779487
1610,0.0608690678069222
1611,0.179666700055422
1612,0.0748174912798292
1613,0.109031375577689
1614,-0.00437447273126686
1615,0.243101108654561
1616,0.0343540561930117
1617,-0.0116820256403805
1618,-0.0524405736239756
1619,0.0258194049610122
1620,0.132748264475582
1621,0.203297741117294
1622,0.224052907096973
1623,0.0169561265889946
1624,-0.0359391087177749
1625,0.109465249809493
1626,0.21339162387154
1627,0.066187364128051
1628,0.196050143535159
1629,0.229698843662287
1630,0.0990485101097056
1631,-0.0651325157794437
1632,0.0579478383191597
1633,0.153456736185941
1634,0.0668144950753087
1635,-0.0300374334155893
1636,0.163300410806573
1637,0.211939038935801
1638,-0.210696414275831
1639,0.0542364935251941
1640,0.11695907960965
1641,0.0929914125001417
1642,-0.0136452255216483
1643,0.0389614264015058
1644,0.143751404179009
1645,0.197862903921907
1646,0.0118472235114617
1647,-0.0209445044442669
1648,0.113161094341495
1649,0.0475910401275711
1650,-0.0273498648952183
1651,0.319554489250318
1652,0.140632518209641
1653,0.0816111016957738
1654,0.183753578385945
1655,-0.00602421176040823
1656,0.0999315074495106
1657,-0.104569212882212
1658,0.0180335491568645
1659,0.0935262170184899
1660,-0.178385501868602
1661,-0.00121354326707152
1662,0.215792345006142
1663,-0.0864905612797832
1664,0.00256216672286667
1665,-0.0355750998944588
1666,0.0687196156557231
1667,0.20061880545325
1668,0.0225811676232849
1669,0.0140886453098976
1670,0.140735190757916
1671,0.10851917035943
1672,0.0547540560130634
1673,0.108871012484537
1674,0.260174558162827
1675,0.123528109575667
1676,0.130583041650864
1677,0.0479833232655495
1678,0.0118690872731641
1679,0.0606759125112937
1680,0.0980530042152616
1681,0.0923170433542769
1682,0.21731790009066
1683,0.236385812413461
1684,0.0470982661369979
1685,0.0699995722975626
1686,0.175567679459063
1687,0.114815656653517
1688,-0.0254276641961102
1689,0.0992319992659368
1690,0.0277432118436072
1691,0.106888078009639
1692,0.153771891565608
1693,-0.0776668091105902
1694,0.0996282418929147
1695,0.102198912713837
1696,0.111782204457616
1697,0.196040166049044
1698,0.0518989210608905
1699,0.00928037291621111
1700,0.0715009440852293
1701,0.184883739126229
1702,0.265023636025819
1703,0.003187184433374
1704,0.201607556484032
1705,-0.13078977947657
1706,0.0514500315298187
1707,-0.00663074700810983
1708,0.160554342144476
1709,-0.0649050665569732
1710,0.155424010450518
1711,0.16660437618581
1712,-0.0944075251058178
1713,0.117561284257273
1714,0.113810716846027
1715,0.202839494777216
1716,-0.00421223254022465
1717,0.311137116173686
1718,0.269889637090054
1719,0.0867871112251852
1720,0.105886296900739
1721,0.132905188799101
1722,0.223838031512244
1723,0.0138991538106909
1724,0.188139557309457
1725,0.107476015042659
1726,-0.100569362259121
1727,0.0741267571736369
1728,-0.0485077031472745
1729,0.112129432026963
1730,0.0670918445496247
1731,-0.0788311033552462
1732,0.19233056343756
1733,0.0618024725839569
1734,-0.049428241528565
1735,0.0323417847489605
1736,0.155235422501124
1737,0.123426517436907
1738,-0.167425703717375
1739,-0.080473621797219
1740,0.174382379945124
1741,0.0179201838418671
1742,0.132019266473128
1743,0.127532685680188
1744,0.299557195560065
1745,0.156815004888087
1746,0.0607806207657733
1747,0.0459522793305111
1748,0.290842924611345
1749,0.03236078625908
1750,0.102189533050783
1751,0.132574377516647
1752,0.000960430682735601
1753,-0.0415728123862192
1754,0.0483856916336106
1755,0.0712442261790704
1756,0.0539620897902498
1757,-0.0586996783112939
1758,0.0142404748798341
1759,-0.0760408703079295
1760,-0.0842910727612206
1761,0.0674712675780069
1762,-0.0615722188809836
1763,-0.176167452499147
1764,-0.183187938299306
1765,0.202804358366294
1766,0.126517223433923
1767,0.0366987871690152
1768,-0.00404342540240911
1769,0.289294348933809
1770,0.0931735285341332
1771,0.0998953992122441
1772,0.132569406997131
1773,-0.123292205470784
1774,0.0725939691257253
1775,-0.0768622142515383
1776,0.131582657911767
1777,0.0337457570606774
1778,0.0870521997351548
1779,0.0840890715105437
1780,0.031857866242803
1781,0.112093170870997
1782,0.037919084800323
1783,0.0865932010050418
1784,0.0224082091770244
1785,0.140636200434963
1786,0.110478626353779
1787,0.0994156799002721
1788,0.027038138939908
1789,0.0455606585405303
1790,0.0947453193257469
1791,0.0194640169976553
1792,0.0132422994066028
1793,-0.0714086217856782
1794,-0.103512842155787
1795,0.0555602738779594
1796,0.090491018275428
1797,0.0217670465268606
1798,0.238381016462784
1799,0.00047862389914316
1800,0.0214853862628936
1801,0.0264860122034947
1802,0.093947589849734
1803,0.0578539296741705
1804,0.00171244112234005
1805,0.0500973065609887
1806,0.210107430589004
1807,0.0883241090317896
1808,0.164380106904263
1809,0.337099872805875
1810,0.182343931056357
1811,0.0853984766974798
1812,-0.271353566063506
1813,0.163445024050991
1814,0.135146380215233
1815,-0.00428458473526295
1816,-0.130433161254339
1817,0.222020100692456
1818,-0.107692801809082
1819,0.183425674196742
1820,0.155394886391278
1821,0.0867110774219513
1822,0.0541022668556797
1823,-0.0874895123861611
1824,0.0999611601213888
1825,0.0226064753056619
1826,-0.015756356435545
1827,0.081707613144942
1828,-0.0291647144540595
1829,0.106200834476014
1830,0.153867151741286
1831,0.0284235005878849
1832,0.0942318924478714
1833,0.082163769872832
1834,0.144402045297952
1835,0.0436310184827741
1836,0.0833943033011043
1837,0.0619813175715457
1838,0.302995510728663
1839,-0.118217777733681
1840,0.267418199813266
1841,0.0930343415574074
1842,-0.0715678787585309
1843,0.0334125209784502
1844,0.157026085759724
1845,-0.00180998842976241
1846,0.157435267260427
1847,-0.125088611530385
1848,0.137826555210334
1849,0.0515214693122861
1850,-0.0540911470446377
1851,0.250766187678122
1852,0.182293046564718
1853,0.00391739862713486
1854,0.152356145225097
1855,0.0487927320054355
1856,-0.0555132651004849
1857,0.145398965057497
1858,-0.0804944608753033
1859,0.141085800094209
1860,0.148528087308575
1861,0.138289911813566
1862,0.200592096618878
1863,0.245995853844158
1864,0.0832003052028237
1865,0.271646976674383
1866,-0.0334974700992955
1867,-0.157971089494551
1868,-0.0194145282377645
1869,-0.140984910578186
1870,-0.0387212833821638
1871,-0.0639880687970843
1872,0.15285571244374
1873,-0.116382446187854
1874,0.0297968282020184
1875,-0.0322899488775894
1876,-0.00162023434644689
1877,0.273904514979376
1878,0.112330800306052
1879,0.235111080000886
1880,0.11302118470221
1881,0.0543710747304973
1882,0.165527906276684
1883,-0.0801334422490659
1884,0.0622015974986167
1885,0.150313997452179
1886,0.0819745647275298
1887,0.0333940555404729
1888,0.101475161242861
1889,0.00238488555130969
1890,0.113054198091273
1891,0.0857961550392664
1892,0.21571576762089
1893,-0.0262885251778608
1894,0.0255487507065971
1895,-0.0612448006154556
1896,0.13365838927221
1897,0.200094641782827
1898,0.0129430276908815
1899,0.140055669646451
1900,0.0884329129262375
1901,0.103228402701197
1902,-0.209475513876625
1903,-0.0367271873707519
1904,-0.0547130375362249
1905,0.0460807463036631
1906,0.142253955731781
1907,0.218833062960293
1908,0.096495823668811
1909,-0.277091048140032
1910,0.0140888985294857
1911,0.0173525330203538
1912,-0.0719570055262775
1913,0.0638426506168973
1914,0.137580559302258
1915,0.0927730458400159
1916,0.090262936940515
1917,0.247230289729415
1918,-0.0172686126400974
1919,0.00117715866758934
1920,0.0531831214663642
1921,-0.109902862684908
1922,0.0355805270264557
1923,0.107223093749327
1924,-0.0918329476656078
1925,-0.0887936135545871
1926,0.122556488293156
1927,-0.0268595249496784
1928,0.0252699980185682
1929,0.177088710160032
1930,0.107025155606531
1931,0.0114327353691084
1932,0.0945324246890051
1933,0.00961816804653727
1934,-0.089826476407214
1935,0.0731805176851757
1936,-0.0674215520335329
1937,0.126297431447805
1938,0.161889086704655
1939,-0.0703461136884823
1940,0.0446958932311545
1941,0.0126770099927173
1942,-0.0104223098718366
1943,0.0518673934427472
1944,0.0974541764295857
1945,0.12587779680079
1946,0.198818315632579
1947,-0.0100969356625421
1948,-0.147400526297126
1949,-0.0719832124618277
1950,0.12138373112121
1951,-0.0244885919077805
1952,-0.0594907251583832
1953,0.0288110300293924
1954,-0.0112977845135169
1955,0.0610072153637539
1956,0.0412977076709352
1957,0.229825613790475
1958,0.0625596461954646
1959,0.0784840829699578
1960,0.164238737090885
1961,-0.0133261821804016
1962,0.096981096023187
1963,0.138736988161581
1964,0.342751352855148
1965,0.0349963787836463
1966,-0.0245817339686928
1967,0.136577672944263
1968,0.211862910552657
1969,0.0973355101201932
1970,0.182693876008469
1971,0.0496456031163925
1972,0.16782637928664
1973,0.0766648830166009
1974,0.169855196339221
1975,0.131555066353272
1976,0.121684599130944
1977,0.146765607948506
1978,0.168340300756647
1979,0.0949948963049903
1980,0.15145448317841
1981,0.0665770230157511
1982,-0.0914218882788655
1983,0.111741772541193
1984,0.0993118085894898
1985,0.139781442667822
1986,0.119458190816078
1987,-0.000101313308096235
1988,0.0514003507156163
1989,0.0241173135133785
1990,0.122874114230138
1991,-0.115547442307576
1992,0.0969940933784042
1993,0.035103198472633
1994,0.0432757787374146
1995,-0.0278076636084211
1996,0.171020735995843
1997,0.0709917557182814
1998,0.0976406469273473
1999,0.148508180666354
2000,0.139710783878857
