year,month,occupation,soc,soc_in_release,title_in_release,employment,source_url
1999,5,Bookkeeping clerks,43-3031,43-3031,"Bookkeeping, Accounting, and Auditing Clerks (3)",1619870,https://web.archive.org/web/20020804075957/http://www.bls.gov:80/oes/1999/oes_nat.htm
2000,5,Bookkeeping clerks,43-3031,43-3031,"Bookkeeping, Accounting, and Auditing Clerks",1663530,https://web.archive.org/web/20020803075142/http://www.bls.gov:80/oes/2000/oes_nat.htm
2001,5,Bookkeeping clerks,43-3031,43-3031,"Bookkeeping, Accounting, and Auditing Clerks",1697890,https://web.archive.org/web/20051210174802/http://www.bls.gov:80/oes/2001/oes_nat.htm
2002,5,Bookkeeping clerks,43-3031,43-3031,"Bookkeeping, Accounting, and Auditing Clerks",1728730,https://web.archive.org/web/20060207064750/http://www.bls.gov:80/oes/2002/oes_nat.htm
2003,5,Bookkeeping clerks,43-3031,43-3031,"Bookkeeping, Accounting, and Auditing Clerks",1750680,https://web.archive.org/web/20040629025732/http://www.bls.gov:80/oes/2003/may/oes_nat.htm
2004,5,Bookkeeping clerks,43-3031,43-3031,"Bookkeeping, Accounting, and Auditing Clerks",1770860,https://web.archive.org/web/20060829172839/http://www.bls.gov:80/oes/2004/may/oes_nat.htm
2005,5,Bookkeeping clerks,43-3031,43-3031,"Bookkeeping, Accounting, and Auditing Clerks",1815340,https://web.archive.org/web/20070702195329/http://www.bls.gov:80/oes/2005/may/oes_nat.htm
2006,5,Bookkeeping clerks,43-3031,43-3031,"Bookkeeping, Accounting, and Auditing Clerks",1856890,https://web.archive.org/web/20111018102827/http://bls.gov/oes/2006/may/oes_nat.htm
2007,5,Bookkeeping clerks,43-3031,43-3031,"Bookkeeping, Accounting, and Auditing Clerks",1858500,https://web.archive.org/web/20120419010019/http://www.bls.gov/oes/2007/may/oes_nat.htm
2008,5,Bookkeeping clerks,43-3031,43-3031,"Bookkeeping, Accounting, and Auditing Clerks",1855010,https://web.archive.org/web/20111017040536/http://bls.gov/oes/2008/may/oes_nat.htm
2009,5,Bookkeeping clerks,43-3031,43-3031,"Bookkeeping, Accounting, and Auditing Clerks",1757870,https://web.archive.org/web/20111018102650/http://bls.gov/oes/2009/may/oes_nat.htm
2010,5,Bookkeeping clerks,43-3031,43-3031,"Bookkeeping, Accounting, and Auditing Clerks",1675250,https://web.archive.org/web/20120616173502/http://www.bls.gov:80/oes/2010/may/oes_nat.htm
2011,5,Bookkeeping clerks,43-3031,43-3031,"Bookkeeping, Accounting, and Auditing Clerks",1643470,https://web.archive.org/web/20160229005150/http://www.bls.gov/oes/2011/may/oes_nat.htm
2012,5,Bookkeeping clerks,43-3031,43-3031,"Bookkeeping, Accounting, and Auditing Clerks",1606260,https://web.archive.org/web/20160308095411/http://www.bls.gov/oes/2012/may/oes_nat.htm
2013,5,Bookkeeping clerks,43-3031,43-3031,"Bookkeeping, Accounting, and Auditing Clerks",1586380,https://web.archive.org/web/20140621205032/http://www.bls.gov/oes/2013/may/oes_nat.htm
2014,5,Bookkeeping clerks,43-3031,43-3031,"Bookkeeping, Accounting, and Auditing Clerks",1575060,https://web.archive.org/web/20160806135926/http://www.bls.gov/oes/2014/may/oes_nat.htm
2015,5,Bookkeeping clerks,43-3031,43-3031,"Bookkeeping, Accounting, and Auditing Clerks",1580220,https://web.archive.org/web/20171101121957/https://www.bls.gov/oes/2015/may/oes_nat.htm
2016,5,Bookkeeping clerks,43-3031,43-3031,"Bookkeeping, Accounting, and Auditing Clerks",1566960,https://web.archive.org/web/20181025211947/https://www.bls.gov/oes/2016/may/oes_nat.htm
2017,5,Bookkeeping clerks,43-3031,43-3031,"Bookkeeping, Accounting, and Auditing Clerks",1532340,https://web.archive.org/web/20190826022827/https://www.bls.gov/oes/2017/may/oes_nat.htm
2018,5,Bookkeeping clerks,43-3031,43-3031,"Bookkeeping, Accounting, and Auditing Clerks",1530430,https://web.archive.org/web/20200424010324/https://www.bls.gov/oes/2018/may/oes_nat.htm
2019,5,Bookkeeping clerks,43-3031,43-3031,"Bookkeeping, Accounting, and Auditing Clerks",1512660,https://web.archive.org/web/20201201083421/https://www.bls.gov/oes/2019/may/oes_nat.htm
2020,5,Bookkeeping clerks,43-3031,43-3031,"Bookkeeping, Accounting, and Auditing Clerks",1443940,https://web.archive.org/web/20220414091436/https://www.bls.gov/oes/2020/may/oes_nat.htm
2021,5,Bookkeeping clerks,43-3031,43-3031,"Bookkeeping, Accounting, and Auditing Clerks",1509370,https://web.archive.org/web/202210/https://www.bls.gov/oes/2021/may/oes_nat.htm
2022,5,Bookkeeping clerks,43-3031,43-3031,"Bookkeeping, Accounting, and Auditing Clerks",1550750,https://web.archive.org/web/202310/https://www.bls.gov/oes/2022/may/oes_nat.htm
2023,5,Bookkeeping clerks,43-3031,43-3031,"Bookkeeping, Accounting, and Auditing Clerks",1501910,https://web.archive.org/web/20250114190746/https://www.bls.gov/oes/2023/may/oes_nat.htm
2024,5,Bookkeeping clerks,43-3031,43-3031,"Bookkeeping, accounting, and auditing clerks",1455770,https://web.archive.org/web/202504/https://www.bls.gov/news.release/archives/ocwage_04022025.htm
2025,5,Bookkeeping clerks,43-3031,43-3031,"Bookkeeping, accounting, and auditing clerks",1373680,https://web.archive.org/web/2026/https://www.bls.gov/news.release/ocwage.t01.htm
1999,5,Computer research scientists,15-1221,15-1011,"Computer and Information Scientists, Research",26280,https://web.archive.org/web/20020804075957/http://www.bls.gov:80/oes/1999/oes_nat.htm
2000,5,Computer research scientists,15-1221,15-1011,"Computer and Information Scientists, Research",25800,https://web.archive.org/web/20020803075142/http://www.bls.gov:80/oes/2000/oes_nat.htm
2001,5,Computer research scientists,15-1221,15-1011,"Computer and Information Scientists, Research",25620,https://web.archive.org/web/20051210174802/http://www.bls.gov:80/oes/2001/oes_nat.htm
2002,5,Computer research scientists,15-1221,15-1011,"Computer and Information Scientists, Research",24410,https://web.archive.org/web/20060207064750/http://www.bls.gov:80/oes/2002/oes_nat.htm
2003,5,Computer research scientists,15-1221,15-1011,"Computer and Information Scientists, Research",23210,https://web.archive.org/web/20040629025732/http://www.bls.gov:80/oes/2003/may/oes_nat.htm
2004,5,Computer research scientists,15-1221,15-1011,"Computer and Information Scientists, Research",24720,https://web.archive.org/web/20060829172839/http://www.bls.gov:80/oes/2004/may/oes_nat.htm
2005,5,Computer research scientists,15-1221,15-1011,"Computer and Information Scientists, Research",25890,https://web.archive.org/web/20070702195329/http://www.bls.gov:80/oes/2005/may/oes_nat.htm
2006,5,Computer research scientists,15-1221,15-1011,"Computer and Information Scientists, Research",27650,https://web.archive.org/web/20111018102827/http://bls.gov/oes/2006/may/oes_nat.htm
2007,5,Computer research scientists,15-1221,15-1011,"Computer and Information Scientists, Research",28720,https://web.archive.org/web/20120419010019/http://www.bls.gov/oes/2007/may/oes_nat.htm
2008,5,Computer research scientists,15-1221,15-1011,"Computer and Information Scientists, Research",26610,https://web.archive.org/web/20111017040536/http://bls.gov/oes/2008/may/oes_nat.htm
2009,5,Computer research scientists,15-1221,15-1011,"Computer and Information Scientists, Research",26130,https://web.archive.org/web/20111018102650/http://bls.gov/oes/2009/may/oes_nat.htm
2010,5,Computer research scientists,15-1221,15-1111,Computer and Information Research Scientists,24900,https://web.archive.org/web/20120616173502/http://www.bls.gov:80/oes/2010/may/oes_nat.htm
2011,5,Computer research scientists,15-1221,15-1111,Computer and Information Research Scientists,25160,https://web.archive.org/web/20160229005150/http://www.bls.gov/oes/2011/may/oes_nat.htm
2012,5,Computer research scientists,15-1221,15-1111,Computer and Information Research Scientists,24880,https://web.archive.org/web/20160308095411/http://www.bls.gov/oes/2012/may/oes_nat.htm
2013,5,Computer research scientists,15-1221,15-1111,Computer and Information Research Scientists,24380,https://web.archive.org/web/20140621205032/http://www.bls.gov/oes/2013/may/oes_nat.htm
2014,5,Computer research scientists,15-1221,15-1111,Computer and Information Research Scientists,24210,https://web.archive.org/web/20160806135926/http://www.bls.gov/oes/2014/may/oes_nat.htm
2015,5,Computer research scientists,15-1221,15-1111,Computer and Information Research Scientists,25510,https://web.archive.org/web/20171101121957/https://www.bls.gov/oes/2015/may/oes_nat.htm
2016,5,Computer research scientists,15-1221,15-1111,Computer and Information Research Scientists,26580,https://web.archive.org/web/20181025211947/https://www.bls.gov/oes/2016/may/oes_nat.htm
2017,5,Computer research scientists,15-1221,15-1111,Computer and Information Research Scientists,27920,https://web.archive.org/web/20190826022827/https://www.bls.gov/oes/2017/may/oes_nat.htm
2018,5,Computer research scientists,15-1221,15-1111,Computer and Information Research Scientists,30070,https://web.archive.org/web/20200424010324/https://www.bls.gov/oes/2018/may/oes_nat.htm
2019,5,Computer research scientists,15-1221,15-1221,Computer and Information Research Scientists,30780,https://web.archive.org/web/20201201083421/https://www.bls.gov/oes/2019/may/oes_nat.htm
2020,5,Computer research scientists,15-1221,15-1221,Computer and Information Research Scientists,30220,https://web.archive.org/web/20220414091436/https://www.bls.gov/oes/2020/may/oes_nat.htm
2021,5,Computer research scientists,15-1221,15-1221,Computer and Information Research Scientists,30840,https://web.archive.org/web/202210/https://www.bls.gov/oes/2021/may/oes_nat.htm
2022,5,Computer research scientists,15-1221,15-1221,Computer and Information Research Scientists,33780,https://web.archive.org/web/202310/https://www.bls.gov/oes/2022/may/oes_nat.htm
2023,5,Computer research scientists,15-1221,15-1221,Computer and Information Research Scientists,35210,https://web.archive.org/web/20250114190746/https://www.bls.gov/oes/2023/may/oes_nat.htm
2024,5,Computer research scientists,15-1221,15-1221,Computer and information research scientists,38480,https://web.archive.org/web/202504/https://www.bls.gov/news.release/archives/ocwage_04022025.htm
2025,5,Computer research scientists,15-1221,15-1221,Computer and information research scientists,37200,https://web.archive.org/web/2026/https://www.bls.gov/news.release/ocwage.t01.htm
1999,5,Customer-service reps,43-4051,43-4051,Customer Service Representatives,1789620,https://web.archive.org/web/20020804075957/http://www.bls.gov:80/oes/1999/oes_nat.htm
2000,5,Customer-service reps,43-4051,43-4051,Customer Service Representatives,1907890,https://web.archive.org/web/20020803075142/http://www.bls.gov:80/oes/2000/oes_nat.htm
2001,5,Customer-service reps,43-4051,43-4051,Customer Service Representatives,1875370,https://web.archive.org/web/20051210174802/http://www.bls.gov:80/oes/2001/oes_nat.htm
2002,5,Customer-service reps,43-4051,43-4051,Customer Service Representatives,1854750,https://web.archive.org/web/20060207064750/http://www.bls.gov:80/oes/2002/oes_nat.htm
2003,5,Customer-service reps,43-4051,43-4051,Customer Service Representatives,1902850,https://web.archive.org/web/20040629025732/http://www.bls.gov:80/oes/2003/may/oes_nat.htm
2004,5,Customer-service reps,43-4051,43-4051,Customer Service Representatives,2021350,https://web.archive.org/web/20060829172839/http://www.bls.gov:80/oes/2004/may/oes_nat.htm
2005,5,Customer-service reps,43-4051,43-4051,Customer Service Representatives,2067700,https://web.archive.org/web/20070702195329/http://www.bls.gov:80/oes/2005/may/oes_nat.htm
2006,5,Customer-service reps,43-4051,43-4051,Customer Service Representatives,2147770,https://web.archive.org/web/20111018102827/http://bls.gov/oes/2006/may/oes_nat.htm
2007,5,Customer-service reps,43-4051,43-4051,Customer Service Representatives,2193430,https://web.archive.org/web/20120419010019/http://www.bls.gov/oes/2007/may/oes_nat.htm
2008,5,Customer-service reps,43-4051,43-4051,Customer Service Representatives,2233270,https://web.archive.org/web/20111017040536/http://bls.gov/oes/2008/may/oes_nat.htm
2009,5,Customer-service reps,43-4051,43-4051,Customer Service Representatives,2195860,https://web.archive.org/web/20111018102650/http://bls.gov/oes/2009/may/oes_nat.htm
2010,5,Customer-service reps,43-4051,43-4051,Customer Service Representatives,2146120,https://web.archive.org/web/20120616173502/http://www.bls.gov:80/oes/2010/may/oes_nat.htm
2011,5,Customer-service reps,43-4051,43-4051,Customer Service Representatives,2212820,https://web.archive.org/web/20160229005150/http://www.bls.gov/oes/2011/may/oes_nat.htm
2012,5,Customer-service reps,43-4051,43-4051,Customer Service Representatives,2299750,https://web.archive.org/web/20160308095411/http://www.bls.gov/oes/2012/may/oes_nat.htm
2013,5,Customer-service reps,43-4051,43-4051,Customer Service Representatives,2389580,https://web.archive.org/web/20140621205032/http://www.bls.gov/oes/2013/may/oes_nat.htm
2014,5,Customer-service reps,43-4051,43-4051,Customer Service Representatives,2511130,https://web.archive.org/web/20160806135926/http://www.bls.gov/oes/2014/may/oes_nat.htm
2015,5,Customer-service reps,43-4051,43-4051,Customer Service Representatives,2595990,https://web.archive.org/web/20171101121957/https://www.bls.gov/oes/2015/may/oes_nat.htm
2016,5,Customer-service reps,43-4051,43-4051,Customer Service Representatives,2707040,https://web.archive.org/web/20181025211947/https://www.bls.gov/oes/2016/may/oes_nat.htm
2017,5,Customer-service reps,43-4051,43-4051,Customer Service Representatives,2767790,https://web.archive.org/web/20190826022827/https://www.bls.gov/oes/2017/may/oes_nat.htm
2018,5,Customer-service reps,43-4051,43-4051,Customer Service Representatives,2871400,https://web.archive.org/web/20200424010324/https://www.bls.gov/oes/2018/may/oes_nat.htm
2019,5,Customer-service reps,43-4051,43-4051,Customer Service Representatives,2919230,https://web.archive.org/web/20201201083421/https://www.bls.gov/oes/2019/may/oes_nat.htm
2020,5,Customer-service reps,43-4051,43-4051,Customer Service Representatives,2833250,https://web.archive.org/web/20220414091436/https://www.bls.gov/oes/2020/may/oes_nat.htm
2021,5,Customer-service reps,43-4051,43-4051,Customer Service Representatives,2787070,https://web.archive.org/web/202210/https://www.bls.gov/oes/2021/may/oes_nat.htm
2022,5,Customer-service reps,43-4051,43-4051,Customer Service Representatives,2879840,https://web.archive.org/web/202310/https://www.bls.gov/oes/2022/may/oes_nat.htm
2023,5,Customer-service reps,43-4051,43-4051,Customer Service Representatives,2858710,https://web.archive.org/web/20250114190746/https://www.bls.gov/oes/2023/may/oes_nat.htm
2024,5,Customer-service reps,43-4051,43-4051,Customer service representatives,2725930,https://web.archive.org/web/202504/https://www.bls.gov/news.release/archives/ocwage_04022025.htm
2025,5,Customer-service reps,43-4051,43-4051,Customer service representatives,2595750,https://web.archive.org/web/2026/https://www.bls.gov/news.release/ocwage.t01.htm
2021,5,Data scientists,15-2051,15-2051,Data Scientists,105980,https://web.archive.org/web/202210/https://www.bls.gov/oes/2021/may/oes_nat.htm
2022,5,Data scientists,15-2051,15-2051,Data Scientists,159630,https://web.archive.org/web/202310/https://www.bls.gov/oes/2022/may/oes_nat.htm
2023,5,Data scientists,15-2051,15-2051,Data Scientists,192710,https://web.archive.org/web/20250114190746/https://www.bls.gov/oes/2023/may/oes_nat.htm
2024,5,Data scientists,15-2051,15-2051,Data scientists,233440,https://web.archive.org/web/202504/https://www.bls.gov/news.release/archives/ocwage_04022025.htm
2025,5,Data scientists,15-2051,15-2051,Data scientists,262440,https://web.archive.org/web/2026/https://www.bls.gov/news.release/ocwage.t01.htm
1999,5,Data-entry keyers,43-9021,43-9021,Data Entry Keyers (3),520220,https://web.archive.org/web/20020804075957/http://www.bls.gov:80/oes/1999/oes_nat.htm
2000,5,Data-entry keyers,43-9021,43-9021,Data Entry Keyers,458720,https://web.archive.org/web/20020803075142/http://www.bls.gov:80/oes/2000/oes_nat.htm
2001,5,Data-entry keyers,43-9021,43-9021,Data Entry Keyers,405000,https://web.archive.org/web/20051210174802/http://www.bls.gov:80/oes/2001/oes_nat.htm
2002,5,Data-entry keyers,43-9021,43-9021,Data Entry Keyers,376970,https://web.archive.org/web/20060207064750/http://www.bls.gov:80/oes/2002/oes_nat.htm
2003,5,Data-entry keyers,43-9021,43-9021,Data Entry Keyers,339010,https://web.archive.org/web/20040629025732/http://www.bls.gov:80/oes/2003/may/oes_nat.htm
2004,5,Data-entry keyers,43-9021,43-9021,Data Entry Keyers,313590,https://web.archive.org/web/20060829172839/http://www.bls.gov:80/oes/2004/may/oes_nat.htm
2005,5,Data-entry keyers,43-9021,43-9021,Data Entry Keyers,296700,https://web.archive.org/web/20070702195329/http://www.bls.gov:80/oes/2005/may/oes_nat.htm
2006,5,Data-entry keyers,43-9021,43-9021,Data Entry Keyers,295650,https://web.archive.org/web/20111018102827/http://bls.gov/oes/2006/may/oes_nat.htm
2007,5,Data-entry keyers,43-9021,43-9021,Data Entry Keyers,286540,https://web.archive.org/web/20120419010019/http://www.bls.gov/oes/2007/may/oes_nat.htm
2008,5,Data-entry keyers,43-9021,43-9021,Data Entry Keyers,272810,https://web.archive.org/web/20111017040536/http://bls.gov/oes/2008/may/oes_nat.htm
2009,5,Data-entry keyers,43-9021,43-9021,Data Entry Keyers,243550,https://web.archive.org/web/20111018102650/http://bls.gov/oes/2009/may/oes_nat.htm
2010,5,Data-entry keyers,43-9021,43-9021,Data Entry Keyers,219530,https://web.archive.org/web/20120616173502/http://www.bls.gov:80/oes/2010/may/oes_nat.htm
2011,5,Data-entry keyers,43-9021,43-9021,Data Entry Keyers,211200,https://web.archive.org/web/20160229005150/http://www.bls.gov/oes/2011/may/oes_nat.htm
2012,5,Data-entry keyers,43-9021,43-9021,Data Entry Keyers,207280,https://web.archive.org/web/20160308095411/http://www.bls.gov/oes/2012/may/oes_nat.htm
2013,5,Data-entry keyers,43-9021,43-9021,Data Entry Keyers,207660,https://web.archive.org/web/20140621205032/http://www.bls.gov/oes/2013/may/oes_nat.htm
2014,5,Data-entry keyers,43-9021,43-9021,Data Entry Keyers,205950,https://web.archive.org/web/20160806135926/http://www.bls.gov/oes/2014/may/oes_nat.htm
2015,5,Data-entry keyers,43-9021,43-9021,Data Entry Keyers,199240,https://web.archive.org/web/20171101121957/https://www.bls.gov/oes/2015/may/oes_nat.htm
2016,5,Data-entry keyers,43-9021,43-9021,Data Entry Keyers,194810,https://web.archive.org/web/20181025211947/https://www.bls.gov/oes/2016/may/oes_nat.htm
2017,5,Data-entry keyers,43-9021,43-9021,Data Entry Keyers,180100,https://web.archive.org/web/20190826022827/https://www.bls.gov/oes/2017/may/oes_nat.htm
2018,5,Data-entry keyers,43-9021,43-9021,Data Entry Keyers,174930,https://web.archive.org/web/20200424010324/https://www.bls.gov/oes/2018/may/oes_nat.htm
2019,5,Data-entry keyers,43-9021,43-9021,Data Entry Keyers,159930,https://web.archive.org/web/20201201083421/https://www.bls.gov/oes/2019/may/oes_nat.htm
2020,5,Data-entry keyers,43-9021,43-9021,Data Entry Keyers,151520,https://web.archive.org/web/20220414091436/https://www.bls.gov/oes/2020/may/oes_nat.htm
2021,5,Data-entry keyers,43-9021,43-9021,Data Entry Keyers,147170,https://web.archive.org/web/202210/https://www.bls.gov/oes/2021/may/oes_nat.htm
2022,5,Data-entry keyers,43-9021,43-9021,Data Entry Keyers,157380,https://web.archive.org/web/202310/https://www.bls.gov/oes/2022/may/oes_nat.htm
2023,5,Data-entry keyers,43-9021,43-9021,Data Entry Keyers,154230,https://web.archive.org/web/20250114190746/https://www.bls.gov/oes/2023/may/oes_nat.htm
2024,5,Data-entry keyers,43-9021,43-9021,Data entry keyers,135280,https://web.archive.org/web/202504/https://www.bls.gov/news.release/archives/ocwage_04022025.htm
2025,5,Data-entry keyers,43-9021,43-9021,Data entry keyers,127080,https://web.archive.org/web/2026/https://www.bls.gov/news.release/ocwage.t01.htm
2021,5,Database architects,15-1243,15-1243,Database Architects,50440,https://web.archive.org/web/202210/https://www.bls.gov/oes/2021/may/oes_nat.htm
2022,5,Database architects,15-1243,15-1243,Database Architects,62470,https://web.archive.org/web/202310/https://www.bls.gov/oes/2022/may/oes_nat.htm
2023,5,Database architects,15-1243,15-1243,Database Architects,59920,https://web.archive.org/web/20250114190746/https://www.bls.gov/oes/2023/may/oes_nat.htm
2024,5,Database architects,15-1243,15-1243,Database architects,64770,https://web.archive.org/web/202504/https://www.bls.gov/news.release/archives/ocwage_04022025.htm
2025,5,Database architects,15-1243,15-1243,Database architects,67140,https://web.archive.org/web/2026/https://www.bls.gov/news.release/ocwage.t01.htm
1999,5,Fashion designers,27-1022,27-1022,Fashion Designers,9600,https://web.archive.org/web/20020804075957/http://www.bls.gov:80/oes/1999/oes_nat.htm
2000,5,Fashion designers,27-1022,27-1022,Fashion Designers,10460,https://web.archive.org/web/20020803075142/http://www.bls.gov:80/oes/2000/oes_nat.htm
2001,5,Fashion designers,27-1022,27-1022,Fashion Designers,8890,https://web.archive.org/web/20051210174802/http://www.bls.gov:80/oes/2001/oes_nat.htm
2002,5,Fashion designers,27-1022,27-1022,Fashion Designers,10310,https://web.archive.org/web/20060207064750/http://www.bls.gov:80/oes/2002/oes_nat.htm
2003,5,Fashion designers,27-1022,27-1022,Fashion Designers,11270,https://web.archive.org/web/20040629025732/http://www.bls.gov:80/oes/2003/may/oes_nat.htm
2004,5,Fashion designers,27-1022,27-1022,Fashion Designers,12100,https://web.archive.org/web/20060829172839/http://www.bls.gov:80/oes/2004/may/oes_nat.htm
2005,5,Fashion designers,27-1022,27-1022,Fashion Designers,12980,https://web.archive.org/web/20070702195329/http://www.bls.gov:80/oes/2005/may/oes_nat.htm
2006,5,Fashion designers,27-1022,27-1022,Fashion Designers,15670,https://web.archive.org/web/20111018102827/http://bls.gov/oes/2006/may/oes_nat.htm
2007,5,Fashion designers,27-1022,27-1022,Fashion Designers,16460,https://web.archive.org/web/20120419010019/http://www.bls.gov/oes/2007/may/oes_nat.htm
2008,5,Fashion designers,27-1022,27-1022,Fashion Designers,16920,https://web.archive.org/web/20111017040536/http://bls.gov/oes/2008/may/oes_nat.htm
2009,5,Fashion designers,27-1022,27-1022,Fashion Designers,15780,https://web.archive.org/web/20111018102650/http://bls.gov/oes/2009/may/oes_nat.htm
2010,5,Fashion designers,27-1022,27-1022,Fashion Designers,15060,https://web.archive.org/web/20120616173502/http://www.bls.gov:80/oes/2010/may/oes_nat.htm
2011,5,Fashion designers,27-1022,27-1022,Fashion Designers,16010,https://web.archive.org/web/20160229005150/http://www.bls.gov/oes/2011/may/oes_nat.htm
2012,5,Fashion designers,27-1022,27-1022,Fashion Designers,16560,https://web.archive.org/web/20160308095411/http://www.bls.gov/oes/2012/may/oes_nat.htm
2013,5,Fashion designers,27-1022,27-1022,Fashion Designers,17370,https://web.archive.org/web/20140621205032/http://www.bls.gov/oes/2013/may/oes_nat.htm
2014,5,Fashion designers,27-1022,27-1022,Fashion Designers,17840,https://web.archive.org/web/20160806135926/http://www.bls.gov/oes/2014/may/oes_nat.htm
2015,5,Fashion designers,27-1022,27-1022,Fashion Designers,19040,https://web.archive.org/web/20171101121957/https://www.bls.gov/oes/2015/may/oes_nat.htm
2016,5,Fashion designers,27-1022,27-1022,Fashion Designers,19230,https://web.archive.org/web/20181025211947/https://www.bls.gov/oes/2016/may/oes_nat.htm
2017,5,Fashion designers,27-1022,27-1022,Fashion Designers,18940,https://web.archive.org/web/20190826022827/https://www.bls.gov/oes/2017/may/oes_nat.htm
2018,5,Fashion designers,27-1022,27-1022,Fashion Designers,19750,https://web.archive.org/web/20200424010324/https://www.bls.gov/oes/2018/may/oes_nat.htm
2019,5,Fashion designers,27-1022,27-1022,Fashion Designers,22030,https://web.archive.org/web/20201201083421/https://www.bls.gov/oes/2019/may/oes_nat.htm
2020,5,Fashion designers,27-1022,27-1022,Fashion Designers,21050,https://web.archive.org/web/20220414091436/https://www.bls.gov/oes/2020/may/oes_nat.htm
2021,5,Fashion designers,27-1022,27-1022,Fashion Designers,19310,https://web.archive.org/web/202210/https://www.bls.gov/oes/2021/may/oes_nat.htm
2022,5,Fashion designers,27-1022,27-1022,Fashion Designers,20560,https://web.archive.org/web/202310/https://www.bls.gov/oes/2022/may/oes_nat.htm
2023,5,Fashion designers,27-1022,27-1022,Fashion Designers,19940,https://web.archive.org/web/20250114190746/https://www.bls.gov/oes/2023/may/oes_nat.htm
2024,5,Fashion designers,27-1022,27-1022,Fashion designers,20910,https://web.archive.org/web/202504/https://www.bls.gov/news.release/archives/ocwage_04022025.htm
2025,5,Fashion designers,27-1022,27-1022,Fashion designers,21450,https://web.archive.org/web/2026/https://www.bls.gov/news.release/ocwage.t01.htm
1999,5,Financial analysts,13-2051,13-2051,Financial Analysts,142820,https://web.archive.org/web/20020804075957/http://www.bls.gov:80/oes/1999/oes_nat.htm
2000,5,Financial analysts,13-2051,13-2051,Financial Analysts,159490,https://web.archive.org/web/20020803075142/http://www.bls.gov:80/oes/2000/oes_nat.htm
2001,5,Financial analysts,13-2051,13-2051,Financial Analysts,157770,https://web.archive.org/web/20051210174802/http://www.bls.gov:80/oes/2001/oes_nat.htm
2002,5,Financial analysts,13-2051,13-2051,Financial Analysts,159920,https://web.archive.org/web/20060207064750/http://www.bls.gov:80/oes/2002/oes_nat.htm
2003,5,Financial analysts,13-2051,13-2051,Financial Analysts,165420,https://web.archive.org/web/20040629025732/http://www.bls.gov:80/oes/2003/may/oes_nat.htm
2004,5,Financial analysts,13-2051,13-2051,Financial Analysts,177780,https://web.archive.org/web/20060829172839/http://www.bls.gov:80/oes/2004/may/oes_nat.htm
2005,5,Financial analysts,13-2051,13-2051,Financial Analysts,180910,https://web.archive.org/web/20070702195329/http://www.bls.gov:80/oes/2005/may/oes_nat.htm
2006,5,Financial analysts,13-2051,13-2051,Financial Analysts,196960,https://web.archive.org/web/20111018102827/http://bls.gov/oes/2006/may/oes_nat.htm
2007,5,Financial analysts,13-2051,13-2051,Financial Analysts,228300,https://web.archive.org/web/20120419010019/http://www.bls.gov/oes/2007/may/oes_nat.htm
2008,5,Financial analysts,13-2051,13-2051,Financial Analysts,236720,https://web.archive.org/web/20111017040536/http://bls.gov/oes/2008/may/oes_nat.htm
2009,5,Financial analysts,13-2051,13-2051,Financial Analysts,235240,https://web.archive.org/web/20111018102650/http://bls.gov/oes/2009/may/oes_nat.htm
2010,5,Financial analysts,13-2051,13-2051,Financial Analysts,220810,https://web.archive.org/web/20120616173502/http://www.bls.gov:80/oes/2010/may/oes_nat.htm
2011,5,Financial analysts,13-2051,13-2051,Financial Analysts,226340,https://web.archive.org/web/20160229005150/http://www.bls.gov/oes/2011/may/oes_nat.htm
2012,5,Financial analysts,13-2051,13-2051,Financial Analysts,239810,https://web.archive.org/web/20160308095411/http://www.bls.gov/oes/2012/may/oes_nat.htm
2013,5,Financial analysts,13-2051,13-2051,Financial Analysts,250670,https://web.archive.org/web/20140621205032/http://www.bls.gov/oes/2013/may/oes_nat.htm
2014,5,Financial analysts,13-2051,13-2051,Financial Analysts,262610,https://web.archive.org/web/20160806135926/http://www.bls.gov/oes/2014/may/oes_nat.htm
2015,5,Financial analysts,13-2051,13-2051,Financial Analysts,268360,https://web.archive.org/web/20171101121957/https://www.bls.gov/oes/2015/may/oes_nat.htm
2016,5,Financial analysts,13-2051,13-2051,Financial Analysts,281610,https://web.archive.org/web/20181025211947/https://www.bls.gov/oes/2016/may/oes_nat.htm
2017,5,Financial analysts,13-2051,13-2051,Financial Analysts,294110,https://web.archive.org/web/20190826022827/https://www.bls.gov/oes/2017/may/oes_nat.htm
2018,5,Financial analysts,13-2051,13-2051,Financial Analysts,306200,https://web.archive.org/web/20200424010324/https://www.bls.gov/oes/2018/may/oes_nat.htm
2021,5,Financial analysts,13-2051,13-2051,Financial and Investment Analysts,291880,https://web.archive.org/web/202210/https://www.bls.gov/oes/2021/may/oes_nat.htm
2022,5,Financial analysts,13-2051,13-2051,Financial and Investment Analysts,291370,https://web.archive.org/web/202310/https://www.bls.gov/oes/2022/may/oes_nat.htm
2023,5,Financial analysts,13-2051,13-2051,Financial and Investment Analysts,325220,https://web.archive.org/web/20250114190746/https://www.bls.gov/oes/2023/may/oes_nat.htm
2024,5,Financial analysts,13-2051,13-2051,Financial and investment analysts,340580,https://web.archive.org/web/202504/https://www.bls.gov/news.release/archives/ocwage_04022025.htm
2025,5,Financial analysts,13-2051,13-2051,Financial and investment analysts,361980,https://web.archive.org/web/2026/https://www.bls.gov/news.release/ocwage.t01.htm
1999,5,Graphic designers,27-1024,27-1024,Graphic Designers,119820,https://web.archive.org/web/20020804075957/http://www.bls.gov:80/oes/1999/oes_nat.htm
2000,5,Graphic designers,27-1024,27-1024,Graphic Designers,133630,https://web.archive.org/web/20020803075142/http://www.bls.gov:80/oes/2000/oes_nat.htm
2001,5,Graphic designers,27-1024,27-1024,Graphic Designers,136470,https://web.archive.org/web/20051210174802/http://www.bls.gov:80/oes/2001/oes_nat.htm
2002,5,Graphic designers,27-1024,27-1024,Graphic Designers,141830,https://web.archive.org/web/20060207064750/http://www.bls.gov:80/oes/2002/oes_nat.htm
2003,5,Graphic designers,27-1024,27-1024,Graphic Designers,151950,https://web.archive.org/web/20040629025732/http://www.bls.gov:80/oes/2003/may/oes_nat.htm
2004,5,Graphic designers,27-1024,27-1024,Graphic Designers,159720,https://web.archive.org/web/20060829172839/http://www.bls.gov:80/oes/2004/may/oes_nat.htm
2005,5,Graphic designers,27-1024,27-1024,Graphic Designers,178530,https://web.archive.org/web/20070702195329/http://www.bls.gov:80/oes/2005/may/oes_nat.htm
2006,5,Graphic designers,27-1024,27-1024,Graphic Designers,190880,https://web.archive.org/web/20111018102827/http://bls.gov/oes/2006/may/oes_nat.htm
2007,5,Graphic designers,27-1024,27-1024,Graphic Designers,201080,https://web.archive.org/web/20120419010019/http://www.bls.gov/oes/2007/may/oes_nat.htm
2008,5,Graphic designers,27-1024,27-1024,Graphic Designers,209290,https://web.archive.org/web/20111017040536/http://bls.gov/oes/2008/may/oes_nat.htm
2009,5,Graphic designers,27-1024,27-1024,Graphic Designers,200870,https://web.archive.org/web/20111018102650/http://bls.gov/oes/2009/may/oes_nat.htm
2010,5,Graphic designers,27-1024,27-1024,Graphic Designers,192240,https://web.archive.org/web/20120616173502/http://www.bls.gov:80/oes/2010/may/oes_nat.htm
2011,5,Graphic designers,27-1024,27-1024,Graphic Designers,191550,https://web.archive.org/web/20160229005150/http://www.bls.gov/oes/2011/may/oes_nat.htm
2012,5,Graphic designers,27-1024,27-1024,Graphic Designers,191440,https://web.archive.org/web/20160308095411/http://www.bls.gov/oes/2012/may/oes_nat.htm
2013,5,Graphic designers,27-1024,27-1024,Graphic Designers,194360,https://web.archive.org/web/20140621205032/http://www.bls.gov/oes/2013/may/oes_nat.htm
2014,5,Graphic designers,27-1024,27-1024,Graphic Designers,197540,https://web.archive.org/web/20160806135926/http://www.bls.gov/oes/2014/may/oes_nat.htm
2015,5,Graphic designers,27-1024,27-1024,Graphic Designers,204850,https://web.archive.org/web/20171101121957/https://www.bls.gov/oes/2015/may/oes_nat.htm
2016,5,Graphic designers,27-1024,27-1024,Graphic Designers,210710,https://web.archive.org/web/20181025211947/https://www.bls.gov/oes/2016/may/oes_nat.htm
2017,5,Graphic designers,27-1024,27-1024,Graphic Designers,217170,https://web.archive.org/web/20190826022827/https://www.bls.gov/oes/2017/may/oes_nat.htm
2018,5,Graphic designers,27-1024,27-1024,Graphic Designers,217810,https://web.archive.org/web/20200424010324/https://www.bls.gov/oes/2018/may/oes_nat.htm
2019,5,Graphic designers,27-1024,27-1024,Graphic Designers,215930,https://web.archive.org/web/20201201083421/https://www.bls.gov/oes/2019/may/oes_nat.htm
2020,5,Graphic designers,27-1024,27-1024,Graphic Designers,201440,https://web.archive.org/web/20220414091436/https://www.bls.gov/oes/2020/may/oes_nat.htm
2021,5,Graphic designers,27-1024,27-1024,Graphic Designers,204040,https://web.archive.org/web/202210/https://www.bls.gov/oes/2021/may/oes_nat.htm
2022,5,Graphic designers,27-1024,27-1024,Graphic Designers,211890,https://web.archive.org/web/202310/https://www.bls.gov/oes/2022/may/oes_nat.htm
2023,5,Graphic designers,27-1024,27-1024,Graphic Designers,212720,https://web.archive.org/web/20250114190746/https://www.bls.gov/oes/2023/may/oes_nat.htm
2024,5,Graphic designers,27-1024,27-1024,Graphic designers,214260,https://web.archive.org/web/202504/https://www.bls.gov/news.release/archives/ocwage_04022025.htm
2025,5,Graphic designers,27-1024,27-1024,Graphic designers,197830,https://web.archive.org/web/2026/https://www.bls.gov/news.release/ocwage.t01.htm
2012,5,Info-security analysts,15-1212,15-1122,Information Security Analysts,72670,https://web.archive.org/web/20160308095411/http://www.bls.gov/oes/2012/may/oes_nat.htm
2013,5,Info-security analysts,15-1212,15-1122,Information Security Analysts,78020,https://web.archive.org/web/20140621205032/http://www.bls.gov/oes/2013/may/oes_nat.htm
2014,5,Info-security analysts,15-1212,15-1122,Information Security Analysts,80180,https://web.archive.org/web/20160806135926/http://www.bls.gov/oes/2014/may/oes_nat.htm
2015,5,Info-security analysts,15-1212,15-1122,Information Security Analysts,88880,https://web.archive.org/web/20171101121957/https://www.bls.gov/oes/2015/may/oes_nat.htm
2016,5,Info-security analysts,15-1212,15-1122,Information Security Analysts,96870,https://web.archive.org/web/20181025211947/https://www.bls.gov/oes/2016/may/oes_nat.htm
2017,5,Info-security analysts,15-1212,15-1122,Information Security Analysts,105250,https://web.archive.org/web/20190826022827/https://www.bls.gov/oes/2017/may/oes_nat.htm
2018,5,Info-security analysts,15-1212,15-1122,Information Security Analysts,108060,https://web.archive.org/web/20200424010324/https://www.bls.gov/oes/2018/may/oes_nat.htm
2019,5,Info-security analysts,15-1212,15-1212,Information Security Analysts,125570,https://web.archive.org/web/20201201083421/https://www.bls.gov/oes/2019/may/oes_nat.htm
2020,5,Info-security analysts,15-1212,15-1212,Information Security Analysts,138000,https://web.archive.org/web/20220414091436/https://www.bls.gov/oes/2020/may/oes_nat.htm
2021,5,Info-security analysts,15-1212,15-1212,Information Security Analysts,157220,https://web.archive.org/web/202210/https://www.bls.gov/oes/2021/may/oes_nat.htm
2022,5,Info-security analysts,15-1212,15-1212,Information Security Analysts,163690,https://web.archive.org/web/202310/https://www.bls.gov/oes/2022/may/oes_nat.htm
2023,5,Info-security analysts,15-1212,15-1212,Information Security Analysts,175350,https://web.archive.org/web/20250114190746/https://www.bls.gov/oes/2023/may/oes_nat.htm
2024,5,Info-security analysts,15-1212,15-1212,Information security analysts,179430,https://web.archive.org/web/202504/https://www.bls.gov/news.release/archives/ocwage_04022025.htm
2025,5,Info-security analysts,15-1212,15-1212,Information security analysts,190650,https://web.archive.org/web/2026/https://www.bls.gov/news.release/ocwage.t01.htm
1999,5,Lawyers,23-1011,23-1011,Lawyers,464250,https://web.archive.org/web/20020804075957/http://www.bls.gov:80/oes/1999/oes_nat.htm
2000,5,Lawyers,23-1011,23-1011,Lawyers,489530,https://web.archive.org/web/20020803075142/http://www.bls.gov:80/oes/2000/oes_nat.htm
2001,5,Lawyers,23-1011,23-1011,Lawyers,490000,https://web.archive.org/web/20051210174802/http://www.bls.gov:80/oes/2001/oes_nat.htm
2002,5,Lawyers,23-1011,23-1011,Lawyers,504370,https://web.archive.org/web/20060207064750/http://www.bls.gov:80/oes/2002/oes_nat.htm
2003,5,Lawyers,23-1011,23-1011,Lawyers,516220,https://web.archive.org/web/20040629025732/http://www.bls.gov:80/oes/2003/may/oes_nat.htm
2004,5,Lawyers,23-1011,23-1011,Lawyers,521130,https://web.archive.org/web/20060829172839/http://www.bls.gov:80/oes/2004/may/oes_nat.htm
2005,5,Lawyers,23-1011,23-1011,Lawyers,529190,https://web.archive.org/web/20070702195329/http://www.bls.gov:80/oes/2005/may/oes_nat.htm
2006,5,Lawyers,23-1011,23-1011,Lawyers,547710,https://web.archive.org/web/20111018102827/http://bls.gov/oes/2006/may/oes_nat.htm
2007,5,Lawyers,23-1011,23-1011,Lawyers,555770,https://web.archive.org/web/20120419010019/http://www.bls.gov/oes/2007/may/oes_nat.htm
2008,5,Lawyers,23-1011,23-1011,Lawyers,553690,https://web.archive.org/web/20111017040536/http://bls.gov/oes/2008/may/oes_nat.htm
2009,5,Lawyers,23-1011,23-1011,Lawyers,556790,https://web.archive.org/web/20111018102650/http://bls.gov/oes/2009/may/oes_nat.htm
2010,5,Lawyers,23-1011,23-1011,Lawyers,561350,https://web.archive.org/web/20120616173502/http://www.bls.gov:80/oes/2010/may/oes_nat.htm
2011,5,Lawyers,23-1011,23-1011,Lawyers,570950,https://web.archive.org/web/20160229005150/http://www.bls.gov/oes/2011/may/oes_nat.htm
2012,5,Lawyers,23-1011,23-1011,Lawyers,581920,https://web.archive.org/web/20160308095411/http://www.bls.gov/oes/2012/may/oes_nat.htm
2013,5,Lawyers,23-1011,23-1011,Lawyers,592670,https://web.archive.org/web/20140621205032/http://www.bls.gov/oes/2013/may/oes_nat.htm
2014,5,Lawyers,23-1011,23-1011,Lawyers,603310,https://web.archive.org/web/20160806135926/http://www.bls.gov/oes/2014/may/oes_nat.htm
2015,5,Lawyers,23-1011,23-1011,Lawyers,609930,https://web.archive.org/web/20171101121957/https://www.bls.gov/oes/2015/may/oes_nat.htm
2016,5,Lawyers,23-1011,23-1011,Lawyers,619530,https://web.archive.org/web/20181025211947/https://www.bls.gov/oes/2016/may/oes_nat.htm
2017,5,Lawyers,23-1011,23-1011,Lawyers,628370,https://web.archive.org/web/20190826022827/https://www.bls.gov/oes/2017/may/oes_nat.htm
2018,5,Lawyers,23-1011,23-1011,Lawyers,642750,https://web.archive.org/web/20200424010324/https://www.bls.gov/oes/2018/may/oes_nat.htm
2019,5,Lawyers,23-1011,23-1011,Lawyers,657170,https://web.archive.org/web/20201201083421/https://www.bls.gov/oes/2019/may/oes_nat.htm
2020,5,Lawyers,23-1011,23-1011,Lawyers,658120,https://web.archive.org/web/20220414091436/https://www.bls.gov/oes/2020/may/oes_nat.htm
2021,5,Lawyers,23-1011,23-1011,Lawyers,681010,https://web.archive.org/web/202210/https://www.bls.gov/oes/2021/may/oes_nat.htm
2022,5,Lawyers,23-1011,23-1011,Lawyers,707160,https://web.archive.org/web/202310/https://www.bls.gov/oes/2022/may/oes_nat.htm
2023,5,Lawyers,23-1011,23-1011,Lawyers,731340,https://web.archive.org/web/20250114190746/https://www.bls.gov/oes/2023/may/oes_nat.htm
2024,5,Lawyers,23-1011,23-1011,Lawyers,747750,https://web.archive.org/web/202504/https://www.bls.gov/news.release/archives/ocwage_04022025.htm
2025,5,Lawyers,23-1011,23-1011,Lawyers,754500,https://web.archive.org/web/2026/https://www.bls.gov/news.release/ocwage.t01.htm
1999,5,Management analysts,13-1111,13-1111,Management Analysts,300600,https://web.archive.org/web/20020804075957/http://www.bls.gov:80/oes/1999/oes_nat.htm
2000,5,Management analysts,13-1111,13-1111,Management Analysts,357610,https://web.archive.org/web/20020803075142/http://www.bls.gov:80/oes/2000/oes_nat.htm
2001,5,Management analysts,13-1111,13-1111,Management Analysts,363890,https://web.archive.org/web/20051210174802/http://www.bls.gov:80/oes/2001/oes_nat.htm
2002,5,Management analysts,13-1111,13-1111,Management Analysts,392670,https://web.archive.org/web/20060207064750/http://www.bls.gov:80/oes/2002/oes_nat.htm
2003,5,Management analysts,13-1111,13-1111,Management Analysts,423880,https://web.archive.org/web/20040629025732/http://www.bls.gov:80/oes/2003/may/oes_nat.htm
2004,5,Management analysts,13-1111,13-1111,Management Analysts,416340,https://web.archive.org/web/20060829172839/http://www.bls.gov:80/oes/2004/may/oes_nat.htm
2005,5,Management analysts,13-1111,13-1111,Management Analysts,441000,https://web.archive.org/web/20070702195329/http://www.bls.gov:80/oes/2005/may/oes_nat.htm
2006,5,Management analysts,13-1111,13-1111,Management Analysts,476070,https://web.archive.org/web/20111018102827/http://bls.gov/oes/2006/may/oes_nat.htm
2007,5,Management analysts,13-1111,13-1111,Management Analysts,499640,https://web.archive.org/web/20120419010019/http://www.bls.gov/oes/2007/may/oes_nat.htm
2008,5,Management analysts,13-1111,13-1111,Management Analysts,535850,https://web.archive.org/web/20111017040536/http://bls.gov/oes/2008/may/oes_nat.htm
2009,5,Management analysts,13-1111,13-1111,Management Analysts,552770,https://web.archive.org/web/20111018102650/http://bls.gov/oes/2009/may/oes_nat.htm
2010,5,Management analysts,13-1111,13-1111,Management Analysts,536310,https://web.archive.org/web/20120616173502/http://www.bls.gov:80/oes/2010/may/oes_nat.htm
2011,5,Management analysts,13-1111,13-1111,Management Analysts,538950,https://web.archive.org/web/20160229005150/http://www.bls.gov/oes/2011/may/oes_nat.htm
2012,5,Management analysts,13-1111,13-1111,Management Analysts,540440,https://web.archive.org/web/20160308095411/http://www.bls.gov/oes/2012/may/oes_nat.htm
2013,5,Management analysts,13-1111,13-1111,Management Analysts,567840,https://web.archive.org/web/20140621205032/http://www.bls.gov/oes/2013/may/oes_nat.htm
2014,5,Management analysts,13-1111,13-1111,Management Analysts,587450,https://web.archive.org/web/20160806135926/http://www.bls.gov/oes/2014/may/oes_nat.htm
2015,5,Management analysts,13-1111,13-1111,Management Analysts,614110,https://web.archive.org/web/20171101121957/https://www.bls.gov/oes/2015/may/oes_nat.htm
2016,5,Management analysts,13-1111,13-1111,Management Analysts,637690,https://web.archive.org/web/20181025211947/https://www.bls.gov/oes/2016/may/oes_nat.htm
2017,5,Management analysts,13-1111,13-1111,Management Analysts,659200,https://web.archive.org/web/20190826022827/https://www.bls.gov/oes/2017/may/oes_nat.htm
2018,5,Management analysts,13-1111,13-1111,Management Analysts,684470,https://web.archive.org/web/20200424010324/https://www.bls.gov/oes/2018/may/oes_nat.htm
2019,5,Management analysts,13-1111,13-1111,Management Analysts,709750,https://web.archive.org/web/20201201083421/https://www.bls.gov/oes/2019/may/oes_nat.htm
2020,5,Management analysts,13-1111,13-1111,Management Analysts,734000,https://web.archive.org/web/20220414091436/https://www.bls.gov/oes/2020/may/oes_nat.htm
2021,5,Management analysts,13-1111,13-1111,Management Analysts,768450,https://web.archive.org/web/202210/https://www.bls.gov/oes/2021/may/oes_nat.htm
2022,5,Management analysts,13-1111,13-1111,Management Analysts,808860,https://web.archive.org/web/202310/https://www.bls.gov/oes/2022/may/oes_nat.htm
2023,5,Management analysts,13-1111,13-1111,Management Analysts,838140,https://web.archive.org/web/20250114190746/https://www.bls.gov/oes/2023/may/oes_nat.htm
2024,5,Management analysts,13-1111,13-1111,Management analysts,893900,https://web.archive.org/web/202504/https://www.bls.gov/news.release/archives/ocwage_04022025.htm
2025,5,Management analysts,13-1111,13-1111,Management analysts,898280,https://web.archive.org/web/2026/https://www.bls.gov/news.release/ocwage.t01.htm
1999,5,Market-research analysts,13-1161,19-3021,Market Research Analysts,67670,https://web.archive.org/web/20020804075957/http://www.bls.gov:80/oes/1999/oes_nat.htm
2000,5,Market-research analysts,13-1161,19-3021,Market Research Analysts,99030,https://web.archive.org/web/20020803075142/http://www.bls.gov:80/oes/2000/oes_nat.htm
2001,5,Market-research analysts,13-1161,19-3021,Market Research Analysts,108940,https://web.archive.org/web/20051210174802/http://www.bls.gov:80/oes/2001/oes_nat.htm
2003,5,Market-research analysts,13-1161,19-3021,Market Research Analysts,142190,https://web.archive.org/web/20040629025732/http://www.bls.gov:80/oes/2003/may/oes_nat.htm
2004,5,Market-research analysts,13-1161,19-3021,Market Research Analysts,170200,https://web.archive.org/web/20060829172839/http://www.bls.gov:80/oes/2004/may/oes_nat.htm
2005,5,Market-research analysts,13-1161,19-3021,Market Research Analysts,195710,https://web.archive.org/web/20070702195329/http://www.bls.gov:80/oes/2005/may/oes_nat.htm
2006,5,Market-research analysts,13-1161,19-3021,Market Research Analysts,213590,https://web.archive.org/web/20111018102827/http://bls.gov/oes/2006/may/oes_nat.htm
2007,5,Market-research analysts,13-1161,19-3021,Market Research Analysts,220740,https://web.archive.org/web/20120419010019/http://www.bls.gov/oes/2007/may/oes_nat.htm
2008,5,Market-research analysts,13-1161,19-3021,Market Research Analysts,230070,https://web.archive.org/web/20111017040536/http://bls.gov/oes/2008/may/oes_nat.htm
2009,5,Market-research analysts,13-1161,19-3021,Market Research Analysts,226410,https://web.archive.org/web/20111018102650/http://bls.gov/oes/2009/may/oes_nat.htm
2010,5,Market-research analysts,13-1161,13-1161,Market Research Analysts and Marketing Specialists*,261780,https://web.archive.org/web/20120616173502/http://www.bls.gov:80/oes/2010/may/oes_nat.htm
2011,5,Market-research analysts,13-1161,13-1161,Market Research Analysts and Marketing Specialists*,318190,https://web.archive.org/web/20160229005150/http://www.bls.gov/oes/2011/may/oes_nat.htm
2012,5,Market-research analysts,13-1161,13-1161,Market Research Analysts and Marketing Specialists,392740,https://web.archive.org/web/20160308095411/http://www.bls.gov/oes/2012/may/oes_nat.htm
2013,5,Market-research analysts,13-1161,13-1161,Market Research Analysts and Marketing Specialists,430350,https://web.archive.org/web/20140621205032/http://www.bls.gov/oes/2013/may/oes_nat.htm
2014,5,Market-research analysts,13-1161,13-1161,Market Research Analysts and Marketing Specialists,468160,https://web.archive.org/web/20160806135926/http://www.bls.gov/oes/2014/may/oes_nat.htm
2015,5,Market-research analysts,13-1161,13-1161,Market Research Analysts and Marketing Specialists,506420,https://web.archive.org/web/20171101121957/https://www.bls.gov/oes/2015/may/oes_nat.htm
2016,5,Market-research analysts,13-1161,13-1161,Market Research Analysts and Marketing Specialists,558630,https://web.archive.org/web/20181025211947/https://www.bls.gov/oes/2016/may/oes_nat.htm
2017,5,Market-research analysts,13-1161,13-1161,Market Research Analysts and Marketing Specialists,596450,https://web.archive.org/web/20190826022827/https://www.bls.gov/oes/2017/may/oes_nat.htm
2018,5,Market-research analysts,13-1161,13-1161,Market Research Analysts and Marketing Specialists,638200,https://web.archive.org/web/20200424010324/https://www.bls.gov/oes/2018/may/oes_nat.htm
2019,5,Market-research analysts,13-1161,13-1161,Market Research Analysts and Marketing Specialists,678500,https://web.archive.org/web/20201201083421/https://www.bls.gov/oes/2019/may/oes_nat.htm
2020,5,Market-research analysts,13-1161,13-1161,Market Research Analysts and Marketing Specialists,690160,https://web.archive.org/web/20220414091436/https://www.bls.gov/oes/2020/may/oes_nat.htm
2021,5,Market-research analysts,13-1161,13-1161,Market Research Analysts and Marketing Specialists,727540,https://web.archive.org/web/202210/https://www.bls.gov/oes/2021/may/oes_nat.htm
2022,5,Market-research analysts,13-1161,13-1161,Market Research Analysts and Marketing Specialists,798620,https://web.archive.org/web/202310/https://www.bls.gov/oes/2022/may/oes_nat.htm
2023,5,Market-research analysts,13-1161,13-1161,Market Research Analysts and Marketing Specialists,846370,https://web.archive.org/web/20250114190746/https://www.bls.gov/oes/2023/may/oes_nat.htm
2024,5,Market-research analysts,13-1161,13-1161,Market research analysts and marketing specialists,861140,https://web.archive.org/web/202504/https://www.bls.gov/news.release/archives/ocwage_04022025.htm
2025,5,Market-research analysts,13-1161,13-1161,Market research analysts and marketing specialists,899580,https://web.archive.org/web/2026/https://www.bls.gov/news.release/ocwage.t01.htm
1999,5,Paralegals,23-2011,23-2011,Paralegals and Legal Assistants,175870,https://web.archive.org/web/20020804075957/http://www.bls.gov:80/oes/1999/oes_nat.htm
2000,5,Paralegals,23-2011,23-2011,Paralegals and Legal Assistants,179330,https://web.archive.org/web/20020803075142/http://www.bls.gov:80/oes/2000/oes_nat.htm
2001,5,Paralegals,23-2011,23-2011,Paralegals and Legal Assistants,183550,https://web.archive.org/web/20051210174802/http://www.bls.gov:80/oes/2001/oes_nat.htm
2002,5,Paralegals,23-2011,23-2011,Paralegals and Legal Assistants,193300,https://web.archive.org/web/20060207064750/http://www.bls.gov:80/oes/2002/oes_nat.htm
2003,5,Paralegals,23-2011,23-2011,Paralegals and Legal Assistants,206700,https://web.archive.org/web/20040629025732/http://www.bls.gov:80/oes/2003/may/oes_nat.htm
2004,5,Paralegals,23-2011,23-2011,Paralegals and Legal Assistants,210020,https://web.archive.org/web/20060829172839/http://www.bls.gov:80/oes/2004/may/oes_nat.htm
2005,5,Paralegals,23-2011,23-2011,Paralegals and Legal Assistants,217700,https://web.archive.org/web/20070702195329/http://www.bls.gov:80/oes/2005/may/oes_nat.htm
2006,5,Paralegals,23-2011,23-2011,Paralegals and Legal Assistants,229430,https://web.archive.org/web/20111018102827/http://bls.gov/oes/2006/may/oes_nat.htm
2007,5,Paralegals,23-2011,23-2011,Paralegals and Legal Assistants,241270,https://web.archive.org/web/20120419010019/http://www.bls.gov/oes/2007/may/oes_nat.htm
2008,5,Paralegals,23-2011,23-2011,Paralegals and Legal Assistants,253040,https://web.archive.org/web/20111017040536/http://bls.gov/oes/2008/may/oes_nat.htm
2009,5,Paralegals,23-2011,23-2011,Paralegals and Legal Assistants,246810,https://web.archive.org/web/20111018102650/http://bls.gov/oes/2009/may/oes_nat.htm
2010,5,Paralegals,23-2011,23-2011,Paralegals and Legal Assistants*,247940,https://web.archive.org/web/20120616173502/http://www.bls.gov:80/oes/2010/may/oes_nat.htm
2011,5,Paralegals,23-2011,23-2011,Paralegals and Legal Assistants*,252250,https://web.archive.org/web/20160229005150/http://www.bls.gov/oes/2011/may/oes_nat.htm
2012,5,Paralegals,23-2011,23-2011,Paralegals and Legal Assistants,267030,https://web.archive.org/web/20160308095411/http://www.bls.gov/oes/2012/may/oes_nat.htm
2013,5,Paralegals,23-2011,23-2011,Paralegals and Legal Assistants,271320,https://web.archive.org/web/20140621205032/http://www.bls.gov/oes/2013/may/oes_nat.htm
2014,5,Paralegals,23-2011,23-2011,Paralegals and Legal Assistants,272580,https://web.archive.org/web/20160806135926/http://www.bls.gov/oes/2014/may/oes_nat.htm
2015,5,Paralegals,23-2011,23-2011,Paralegals and Legal Assistants,271930,https://web.archive.org/web/20171101121957/https://www.bls.gov/oes/2015/may/oes_nat.htm
2016,5,Paralegals,23-2011,23-2011,Paralegals and Legal Assistants,277310,https://web.archive.org/web/20181025211947/https://www.bls.gov/oes/2016/may/oes_nat.htm
2017,5,Paralegals,23-2011,23-2011,Paralegals and Legal Assistants,290410,https://web.archive.org/web/20190826022827/https://www.bls.gov/oes/2017/may/oes_nat.htm
2018,5,Paralegals,23-2011,23-2011,Paralegals and Legal Assistants,309940,https://web.archive.org/web/20200424010324/https://www.bls.gov/oes/2018/may/oes_nat.htm
2019,5,Paralegals,23-2011,23-2011,Paralegals and Legal Assistants,329870,https://web.archive.org/web/20201201083421/https://www.bls.gov/oes/2019/may/oes_nat.htm
2020,5,Paralegals,23-2011,23-2011,Paralegals and Legal Assistants,332720,https://web.archive.org/web/20220414091436/https://www.bls.gov/oes/2020/may/oes_nat.htm
2021,5,Paralegals,23-2011,23-2011,Paralegals and Legal Assistants,336250,https://web.archive.org/web/202210/https://www.bls.gov/oes/2021/may/oes_nat.htm
2022,5,Paralegals,23-2011,23-2011,Paralegals and Legal Assistants,345240,https://web.archive.org/web/202310/https://www.bls.gov/oes/2022/may/oes_nat.htm
2023,5,Paralegals,23-2011,23-2011,Paralegals and Legal Assistants,354890,https://web.archive.org/web/20250114190746/https://www.bls.gov/oes/2023/may/oes_nat.htm
2024,5,Paralegals,23-2011,23-2011,Paralegals and legal assistants,367220,https://web.archive.org/web/202504/https://www.bls.gov/news.release/archives/ocwage_04022025.htm
2025,5,Paralegals,23-2011,23-2011,Paralegals and legal assistants,392880,https://web.archive.org/web/2026/https://www.bls.gov/news.release/ocwage.t01.htm
2021,5,Project-management specialists,13-1082,13-1082,Project Management Specialists,743860,https://web.archive.org/web/202210/https://www.bls.gov/oes/2021/may/oes_nat.htm
2022,5,Project-management specialists,13-1082,13-1082,Project Management Specialists,843910,https://web.archive.org/web/202310/https://www.bls.gov/oes/2022/may/oes_nat.htm
2023,5,Project-management specialists,13-1082,13-1082,Project Management Specialists,947630,https://web.archive.org/web/20250114190746/https://www.bls.gov/oes/2023/may/oes_nat.htm
2024,5,Project-management specialists,13-1082,13-1082,Project management specialists,1006160,https://web.archive.org/web/202504/https://www.bls.gov/news.release/archives/ocwage_04022025.htm
2025,5,Project-management specialists,13-1082,13-1082,Project management specialists,1066670,https://web.archive.org/web/2026/https://www.bls.gov/news.release/ocwage.t01.htm
2021,5,Software QA testers,15-1253,15-1253,Software Quality Assurance Analysts and Testers,190120,https://web.archive.org/web/202210/https://www.bls.gov/oes/2021/may/oes_nat.htm
2022,5,Software QA testers,15-1253,15-1253,Software Quality Assurance Analysts and Testers,196420,https://web.archive.org/web/202310/https://www.bls.gov/oes/2022/may/oes_nat.htm
2023,5,Software QA testers,15-1253,15-1253,Software Quality Assurance Analysts and Testers,203040,https://web.archive.org/web/20250114190746/https://www.bls.gov/oes/2023/may/oes_nat.htm
2024,5,Software QA testers,15-1253,15-1253,Software quality assurance analysts and testers,199800,https://web.archive.org/web/202504/https://www.bls.gov/news.release/archives/ocwage_04022025.htm
2025,5,Software QA testers,15-1253,15-1253,Software quality assurance analysts and testers,186740,https://web.archive.org/web/2026/https://www.bls.gov/news.release/ocwage.t01.htm
1999,5,Software developers,15-1252,15-1031+15-1032,"Computer Software Engineers, Applications + Computer Software Engineers, Systems Software",496630,https://web.archive.org/web/20020804075957/http://www.bls.gov:80/oes/1999/oes_nat.htm
2000,5,Software developers,15-1252,15-1031+15-1032,"Computer Software Engineers, Applications + Computer Software Engineers, Systems Software",639250,https://web.archive.org/web/20020803075142/http://www.bls.gov:80/oes/2000/oes_nat.htm
2001,5,Software developers,15-1252,15-1031+15-1032,"Computer Software Engineers, Applications + Computer Software Engineers, Systems Software",623210,https://web.archive.org/web/20051210174802/http://www.bls.gov:80/oes/2001/oes_nat.htm
2002,5,Software developers,15-1252,15-1031+15-1032,"Computer Software Engineers, Applications + Computer Software Engineers, Systems Software",611800,https://web.archive.org/web/20060207064750/http://www.bls.gov:80/oes/2002/oes_nat.htm
2003,5,Software developers,15-1252,15-1031+15-1032,"Computer Software Engineers, Applications + Computer Software Engineers, Systems Software",677900,https://web.archive.org/web/20040629025732/http://www.bls.gov:80/oes/2003/may/oes_nat.htm
2004,5,Software developers,15-1252,15-1031+15-1032,"Computer Software Engineers, Applications + Computer Software Engineers, Systems Software",743910,https://web.archive.org/web/20060829172839/http://www.bls.gov:80/oes/2004/may/oes_nat.htm
2005,5,Software developers,15-1252,15-1031+15-1032,"Computer Software Engineers, Applications + Computer Software Engineers, Systems Software",776700,https://web.archive.org/web/20070702195329/http://www.bls.gov:80/oes/2005/may/oes_nat.htm
2006,5,Software developers,15-1252,15-1031+15-1032,"Computer Software Engineers, Applications + Computer Software Engineers, Systems Software",801580,https://web.archive.org/web/20111018102827/http://bls.gov/oes/2006/may/oes_nat.htm
2007,5,Software developers,15-1252,15-1031+15-1032,"Computer Software Engineers, Applications + Computer Software Engineers, Systems Software",844950,https://web.archive.org/web/20120419010019/http://www.bls.gov/oes/2007/may/oes_nat.htm
2008,5,Software developers,15-1252,15-1031+15-1032,"Computer Software Engineers, Applications + Computer Software Engineers, Systems Software",875990,https://web.archive.org/web/20111017040536/http://bls.gov/oes/2008/may/oes_nat.htm
2009,5,Software developers,15-1252,15-1031+15-1032,"Computer Software Engineers, Applications + Computer Software Engineers, Systems Software",880700,https://web.archive.org/web/20111018102650/http://bls.gov/oes/2009/may/oes_nat.htm
2010,5,Software developers,15-1252,15-1132+15-1133,"Software Developers, Applications + Software Developers, Systems Software",878200,https://web.archive.org/web/20120616173502/http://www.bls.gov:80/oes/2010/may/oes_nat.htm
2011,5,Software developers,15-1252,15-1132+15-1133,"Software Developers, Applications + Software Developers, Systems Software",926930,https://web.archive.org/web/20160229005150/http://www.bls.gov/oes/2011/may/oes_nat.htm
2012,5,Software developers,15-1252,15-1132+15-1133,"Software Developers, Applications + Software Developers, Systems Software",978040,https://web.archive.org/web/20160308095411/http://www.bls.gov/oes/2012/may/oes_nat.htm
2013,5,Software developers,15-1252,15-1132+15-1133,"Software Developers, Applications + Software Developers, Systems Software",1017340,https://web.archive.org/web/20140621205032/http://www.bls.gov/oes/2013/may/oes_nat.htm
2014,5,Software developers,15-1252,15-1132+15-1133,"Software Developers, Applications + Software Developers, Systems Software",1068870,https://web.archive.org/web/20160806135926/http://www.bls.gov/oes/2014/may/oes_nat.htm
2015,5,Software developers,15-1252,15-1132+15-1133,"Software Developers, Applications + Software Developers, Systems Software",1138480,https://web.archive.org/web/20171101121957/https://www.bls.gov/oes/2015/may/oes_nat.htm
2016,5,Software developers,15-1252,15-1132+15-1133,"Software Developers, Applications + Software Developers, Systems Software",1203820,https://web.archive.org/web/20181025211947/https://www.bls.gov/oes/2016/may/oes_nat.htm
2017,5,Software developers,15-1252,15-1132+15-1133,"Software Developers, Applications + Software Developers, Systems Software",1243820,https://web.archive.org/web/20190826022827/https://www.bls.gov/oes/2017/may/oes_nat.htm
2018,5,Software developers,15-1252,15-1132+15-1133,"Software Developers, Applications + Software Developers, Systems Software",1308490,https://web.archive.org/web/20200424010324/https://www.bls.gov/oes/2018/may/oes_nat.htm
2021,5,Software developers,15-1252,15-1252,Software Developers,1364180,https://web.archive.org/web/202210/https://www.bls.gov/oes/2021/may/oes_nat.htm
2022,5,Software developers,15-1252,15-1252,Software Developers,1534790,https://web.archive.org/web/202310/https://www.bls.gov/oes/2022/may/oes_nat.htm
2023,5,Software developers,15-1252,15-1252,Software Developers,1656880,https://web.archive.org/web/20250114190746/https://www.bls.gov/oes/2023/may/oes_nat.htm
2024,5,Software developers,15-1252,15-1252,Software developers,1654440,https://web.archive.org/web/202504/https://www.bls.gov/news.release/archives/ocwage_04022025.htm
2025,5,Software developers,15-1252,15-1252,Software developers,1687890,https://web.archive.org/web/2026/https://www.bls.gov/news.release/ocwage.t01.htm
1999,5,Statisticians,15-2041,15-2041,Statisticians (3),14620,https://web.archive.org/web/20020804075957/http://www.bls.gov:80/oes/1999/oes_nat.htm
2000,5,Statisticians,15-2041,15-2041,Statisticians,17520,https://web.archive.org/web/20020803075142/http://www.bls.gov:80/oes/2000/oes_nat.htm
2001,5,Statisticians,15-2041,15-2041,Statisticians,17040,https://web.archive.org/web/20051210174802/http://www.bls.gov:80/oes/2001/oes_nat.htm
2002,5,Statisticians,15-2041,15-2041,Statisticians,17820,https://web.archive.org/web/20060207064750/http://www.bls.gov:80/oes/2002/oes_nat.htm
2003,5,Statisticians,15-2041,15-2041,Statisticians,18370,https://web.archive.org/web/20040629025732/http://www.bls.gov:80/oes/2003/may/oes_nat.htm
2004,5,Statisticians,15-2041,15-2041,Statisticians,17030,https://web.archive.org/web/20060829172839/http://www.bls.gov:80/oes/2004/may/oes_nat.htm
2005,5,Statisticians,15-2041,15-2041,Statisticians,17480,https://web.archive.org/web/20070702195329/http://www.bls.gov:80/oes/2005/may/oes_nat.htm
2006,5,Statisticians,15-2041,15-2041,Statisticians,19660,https://web.archive.org/web/20111018102827/http://bls.gov/oes/2006/may/oes_nat.htm
2007,5,Statisticians,15-2041,15-2041,Statisticians,20270,https://web.archive.org/web/20120419010019/http://www.bls.gov/oes/2007/may/oes_nat.htm
2008,5,Statisticians,15-2041,15-2041,Statisticians,20680,https://web.archive.org/web/20111017040536/http://bls.gov/oes/2008/may/oes_nat.htm
2009,5,Statisticians,15-2041,15-2041,Statisticians,21370,https://web.archive.org/web/20111018102650/http://bls.gov/oes/2009/may/oes_nat.htm
2010,5,Statisticians,15-2041,15-2041,Statisticians,22830,https://web.archive.org/web/20120616173502/http://www.bls.gov:80/oes/2010/may/oes_nat.htm
2011,5,Statisticians,15-2041,15-2041,Statisticians,23770,https://web.archive.org/web/20160229005150/http://www.bls.gov/oes/2011/may/oes_nat.htm
2012,5,Statisticians,15-2041,15-2041,Statisticians,25570,https://web.archive.org/web/20160308095411/http://www.bls.gov/oes/2012/may/oes_nat.htm
2013,5,Statisticians,15-2041,15-2041,Statisticians,24950,https://web.archive.org/web/20140621205032/http://www.bls.gov/oes/2013/may/oes_nat.htm
2014,5,Statisticians,15-2041,15-2041,Statisticians,26970,https://web.archive.org/web/20160806135926/http://www.bls.gov/oes/2014/may/oes_nat.htm
2015,5,Statisticians,15-2041,15-2041,Statisticians,29870,https://web.archive.org/web/20171101121957/https://www.bls.gov/oes/2015/may/oes_nat.htm
2016,5,Statisticians,15-2041,15-2041,Statisticians,33440,https://web.archive.org/web/20181025211947/https://www.bls.gov/oes/2016/may/oes_nat.htm
2017,5,Statisticians,15-2041,15-2041,Statisticians,36540,https://web.archive.org/web/20190826022827/https://www.bls.gov/oes/2017/may/oes_nat.htm
2018,5,Statisticians,15-2041,15-2041,Statisticians,39920,https://web.archive.org/web/20200424010324/https://www.bls.gov/oes/2018/may/oes_nat.htm
2019,5,Statisticians,15-2041,15-2041,Statisticians,39090,https://web.archive.org/web/20201201083421/https://www.bls.gov/oes/2019/may/oes_nat.htm
2020,5,Statisticians,15-2041,15-2041,Statisticians,38860,https://web.archive.org/web/20220414091436/https://www.bls.gov/oes/2020/may/oes_nat.htm
2021,5,Statisticians,15-2041,15-2041,Statisticians,31370,https://web.archive.org/web/202210/https://www.bls.gov/oes/2021/may/oes_nat.htm
2022,5,Statisticians,15-2041,15-2041,Statisticians,30780,https://web.archive.org/web/202310/https://www.bls.gov/oes/2022/may/oes_nat.htm
2023,5,Statisticians,15-2041,15-2041,Statisticians,29950,https://web.archive.org/web/20250114190746/https://www.bls.gov/oes/2023/may/oes_nat.htm
2024,5,Statisticians,15-2041,15-2041,Statisticians,29800,https://web.archive.org/web/202504/https://www.bls.gov/news.release/archives/ocwage_04022025.htm
2025,5,Statisticians,15-2041,15-2041,Statisticians,29030,https://web.archive.org/web/2026/https://www.bls.gov/news.release/ocwage.t01.htm
1999,5,Translators,27-3091,27-3091,Interpreters and Translators,13640,https://web.archive.org/web/20020804075957/http://www.bls.gov:80/oes/1999/oes_nat.htm
2000,5,Translators,27-3091,27-3091,Interpreters and Translators,16780,https://web.archive.org/web/20020803075142/http://www.bls.gov:80/oes/2000/oes_nat.htm
2001,5,Translators,27-3091,27-3091,Interpreters and Translators,18900,https://web.archive.org/web/20051210174802/http://www.bls.gov:80/oes/2001/oes_nat.htm
2002,5,Translators,27-3091,27-3091,Interpreters and Translators,18600,https://web.archive.org/web/20060207064750/http://www.bls.gov:80/oes/2002/oes_nat.htm
2003,5,Translators,27-3091,27-3091,Interpreters and Translators,21910,https://web.archive.org/web/20040629025732/http://www.bls.gov:80/oes/2003/may/oes_nat.htm
2004,5,Translators,27-3091,27-3091,Interpreters and Translators,25410,https://web.archive.org/web/20060829172839/http://www.bls.gov:80/oes/2004/may/oes_nat.htm
2005,5,Translators,27-3091,27-3091,Interpreters and Translators,29240,https://web.archive.org/web/20070702195329/http://www.bls.gov:80/oes/2005/may/oes_nat.htm
2006,5,Translators,27-3091,27-3091,Interpreters and Translators,30910,https://web.archive.org/web/20111018102827/http://bls.gov/oes/2006/may/oes_nat.htm
2007,5,Translators,27-3091,27-3091,Interpreters and Translators,33680,https://web.archive.org/web/20120419010019/http://www.bls.gov/oes/2007/may/oes_nat.htm
2008,5,Translators,27-3091,27-3091,Interpreters and Translators,36610,https://web.archive.org/web/20111017040536/http://bls.gov/oes/2008/may/oes_nat.htm
2009,5,Translators,27-3091,27-3091,Interpreters and Translators,40000,https://web.archive.org/web/20111018102650/http://bls.gov/oes/2009/may/oes_nat.htm
2010,5,Translators,27-3091,27-3091,Interpreters and Translators,44200,https://web.archive.org/web/20120616173502/http://www.bls.gov:80/oes/2010/may/oes_nat.htm
2011,5,Translators,27-3091,27-3091,Interpreters and Translators,47950,https://web.archive.org/web/20160229005150/http://www.bls.gov/oes/2011/may/oes_nat.htm
2012,5,Translators,27-3091,27-3091,Interpreters and Translators,50320,https://web.archive.org/web/20160308095411/http://www.bls.gov/oes/2012/may/oes_nat.htm
2013,5,Translators,27-3091,27-3091,Interpreters and Translators,49060,https://web.archive.org/web/20140621205032/http://www.bls.gov/oes/2013/may/oes_nat.htm
2014,5,Translators,27-3091,27-3091,Interpreters and Translators,49460,https://web.archive.org/web/20160806135926/http://www.bls.gov/oes/2014/may/oes_nat.htm
2015,5,Translators,27-3091,27-3091,Interpreters and Translators,49650,https://web.archive.org/web/20171101121957/https://www.bls.gov/oes/2015/may/oes_nat.htm
2016,5,Translators,27-3091,27-3091,Interpreters and Translators,51350,https://web.archive.org/web/20181025211947/https://www.bls.gov/oes/2016/may/oes_nat.htm
2017,5,Translators,27-3091,27-3091,Interpreters and Translators,53150,https://web.archive.org/web/20190826022827/https://www.bls.gov/oes/2017/may/oes_nat.htm
2018,5,Translators,27-3091,27-3091,Interpreters and Translators,57140,https://web.archive.org/web/20200424010324/https://www.bls.gov/oes/2018/may/oes_nat.htm
2019,5,Translators,27-3091,27-3091,Interpreters and Translators,58870,https://web.archive.org/web/20201201083421/https://www.bls.gov/oes/2019/may/oes_nat.htm
2020,5,Translators,27-3091,27-3091,Interpreters and Translators,56920,https://web.archive.org/web/20220414091436/https://www.bls.gov/oes/2020/may/oes_nat.htm
2021,5,Translators,27-3091,27-3091,Interpreters and Translators,52170,https://web.archive.org/web/202210/https://www.bls.gov/oes/2021/may/oes_nat.htm
2022,5,Translators,27-3091,27-3091,Interpreters and Translators,52160,https://web.archive.org/web/202310/https://www.bls.gov/oes/2022/may/oes_nat.htm
2023,5,Translators,27-3091,27-3091,Interpreters and Translators,51560,https://web.archive.org/web/20250114190746/https://www.bls.gov/oes/2023/may/oes_nat.htm
2024,5,Translators,27-3091,27-3091,Interpreters and translators,53360,https://web.archive.org/web/202504/https://www.bls.gov/news.release/archives/ocwage_04022025.htm
2025,5,Translators,27-3091,27-3091,Interpreters and translators,52060,https://web.archive.org/web/2026/https://www.bls.gov/news.release/ocwage.t01.htm
1999,5,Writers & authors,27-3043,27-3043,Writers and Authors,45670,https://web.archive.org/web/20020804075957/http://www.bls.gov:80/oes/1999/oes_nat.htm
2000,5,Writers & authors,27-3043,27-3043,Writers and Authors,41410,https://web.archive.org/web/20020803075142/http://www.bls.gov:80/oes/2000/oes_nat.htm
2001,5,Writers & authors,27-3043,27-3043,Writers and Authors,40980,https://web.archive.org/web/20051210174802/http://www.bls.gov:80/oes/2001/oes_nat.htm
2002,5,Writers & authors,27-3043,27-3043,Writers and Authors,41990,https://web.archive.org/web/20060207064750/http://www.bls.gov:80/oes/2002/oes_nat.htm
2003,5,Writers & authors,27-3043,27-3043,Writers and Authors,43740,https://web.archive.org/web/20040629025732/http://www.bls.gov:80/oes/2003/may/oes_nat.htm
2004,5,Writers & authors,27-3043,27-3043,Writers and Authors,42780,https://web.archive.org/web/20060829172839/http://www.bls.gov:80/oes/2004/may/oes_nat.htm
2005,5,Writers & authors,27-3043,27-3043,Writers and Authors,43020,https://web.archive.org/web/20070702195329/http://www.bls.gov:80/oes/2005/may/oes_nat.htm
2006,5,Writers & authors,27-3043,27-3043,Writers and Authors,43260,https://web.archive.org/web/20111018102827/http://bls.gov/oes/2006/may/oes_nat.htm
2007,5,Writers & authors,27-3043,27-3043,Writers and Authors,44310,https://web.archive.org/web/20120419010019/http://www.bls.gov/oes/2007/may/oes_nat.htm
2008,5,Writers & authors,27-3043,27-3043,Writers and Authors,44170,https://web.archive.org/web/20111017040536/http://bls.gov/oes/2008/may/oes_nat.htm
2009,5,Writers & authors,27-3043,27-3043,Writers and Authors,43390,https://web.archive.org/web/20111018102650/http://bls.gov/oes/2009/may/oes_nat.htm
2010,5,Writers & authors,27-3043,27-3043,Writers and Authors,40980,https://web.archive.org/web/20120616173502/http://www.bls.gov:80/oes/2010/may/oes_nat.htm
2011,5,Writers & authors,27-3043,27-3043,Writers and Authors,40930,https://web.archive.org/web/20160229005150/http://www.bls.gov/oes/2011/may/oes_nat.htm
2012,5,Writers & authors,27-3043,27-3043,Writers and Authors,41990,https://web.archive.org/web/20160308095411/http://www.bls.gov/oes/2012/may/oes_nat.htm
2013,5,Writers & authors,27-3043,27-3043,Writers and Authors,43590,https://web.archive.org/web/20140621205032/http://www.bls.gov/oes/2013/may/oes_nat.htm
2014,5,Writers & authors,27-3043,27-3043,Writers and Authors,43500,https://web.archive.org/web/20160806135926/http://www.bls.gov/oes/2014/may/oes_nat.htm
2015,5,Writers & authors,27-3043,27-3043,Writers and Authors,43380,https://web.archive.org/web/20171101121957/https://www.bls.gov/oes/2015/may/oes_nat.htm
2016,5,Writers & authors,27-3043,27-3043,Writers and Authors,44690,https://web.archive.org/web/20181025211947/https://www.bls.gov/oes/2016/may/oes_nat.htm
2017,5,Writers & authors,27-3043,27-3043,Writers and Authors,45300,https://web.archive.org/web/20190826022827/https://www.bls.gov/oes/2017/may/oes_nat.htm
2018,5,Writers & authors,27-3043,27-3043,Writers and Authors,45210,https://web.archive.org/web/20200424010324/https://www.bls.gov/oes/2018/may/oes_nat.htm
2019,5,Writers & authors,27-3043,27-3043,Writers and Authors,45860,https://web.archive.org/web/20201201083421/https://www.bls.gov/oes/2019/may/oes_nat.htm
2020,5,Writers & authors,27-3043,27-3043,Writers and Authors,44240,https://web.archive.org/web/20220414091436/https://www.bls.gov/oes/2020/may/oes_nat.htm
2021,5,Writers & authors,27-3043,27-3043,Writers and Authors,49410,https://web.archive.org/web/202210/https://www.bls.gov/oes/2021/may/oes_nat.htm
2022,5,Writers & authors,27-3043,27-3043,Writers and Authors,54010,https://web.archive.org/web/202310/https://www.bls.gov/oes/2022/may/oes_nat.htm
2023,5,Writers & authors,27-3043,27-3043,Writers and Authors,49450,https://web.archive.org/web/20250114190746/https://www.bls.gov/oes/2023/may/oes_nat.htm
2024,5,Writers & authors,27-3043,27-3043,Writers and authors,47800,https://web.archive.org/web/202504/https://www.bls.gov/news.release/archives/ocwage_04022025.htm
2025,5,Writers & authors,27-3043,27-3043,Writers and authors,47940,https://web.archive.org/web/2026/https://www.bls.gov/news.release/ocwage.t01.htm
