month,occupation_code,occupation_title,unweighted_respondent_count,weighted_employment_estimate,standard_error,confidence_interval_95,source_file,vintage,extraction_date,source_sha256
2020-01-01,1240,Other mathematical science occupations (includes data scientists),49,145949.7728,,,jan20pub.zip,2020,2026-09-11,0fe905dede6b719a4a6beac591d3ee539e99de074e682951a229775a646f4a94
2020-02-01,1240,Other mathematical science occupations (includes data scientists),56,141624.66500000004,,,feb20pub.zip,2020,2026-09-11,15849634ac1dce614e103227c44649fae06fce917428c70b215e5ef6eb68f9fd
2020-03-01,1240,Other mathematical science occupations (includes data scientists),47,149612.64589999997,,,mar20pub.zip,2020,2026-09-11,7ce6d8fcbb0c6168918171467874ca77e4a625adc63579b524b21805bb8ec772
2020-04-01,1240,Other mathematical science occupations (includes data scientists),44,150915.18259999997,,,apr20pub.zip,2020,2026-09-11,16efd1b6b9b74da45fcc40144a7fea1f42b2f5059cd4e10de5c32e2f3d5069ec
2020-05-01,1240,Other mathematical science occupations (includes data scientists),41,152286.70670000004,,,may20pub.zip,2020,2026-09-11,1f5a50e91bb8e4a589f398e9b6f6e71a59f7a0d6fd112c64fc64b0c46ff4e4ed
2020-06-01,1240,Other mathematical science occupations (includes data scientists),47,192528.00409999996,,,jun20pub.zip,2020,2026-09-11,25e789fdc8f69366af136236fd9fc6f1b079f7a25ad25c54da0c6868408e1148
2020-07-01,1240,Other mathematical science occupations (includes data scientists),46,166090.79309999998,,,jul20pub.zip,2020,2026-09-11,7878583f875f7cb466b8a89e500f906509ab4fef06799739f28217a785a91f29
2020-08-01,1240,Other mathematical science occupations (includes data scientists),52,169982.8943,,,aug20pub.zip,2020,2026-09-11,925b26fc7cce2ac636337141981c8d09c8c9fc729b0352aa8d1c866d3faecb5a
2020-09-01,1240,Other mathematical science occupations (includes data scientists),58,175516.52400000003,,,sep20pub.zip,2020,2026-09-11,b293393299a623d13a91fad95f0c7ac232f1b5dfb07390f3cf999455568e22d1
2020-10-01,1240,Other mathematical science occupations (includes data scientists),65,176913.76470000003,,,oct20pub.zip,2020,2026-09-11,9c532fc63e64c6e4c884f75b657856ecb3a58e71dcf24cdd5319132a56f5bfd6
2020-11-01,1240,Other mathematical science occupations (includes data scientists),71,190543.66379999998,,,nov20pub.zip,2020,2026-09-11,1fae2f26f96d8bba7c85cc35dd588d7a4a22f54985559fbdbc2843df159bbeed
2020-12-01,1240,Other mathematical science occupations (includes data scientists),65,211287.98399999994,,,dec20pub.zip,2020,2026-09-11,9052f57d9d87d34f85a4d6f0e539000217f6277904c782093eb366118b30e542
2021-01-01,1240,Other mathematical science occupations (includes data scientists),85,279979.15510000003,,,jan21pub.zip,2021,2026-09-11,759e95149af8a1bdebb5a8ad45d5205af8e0b234c8823d897ad473cad11005aa
2021-02-01,1240,Other mathematical science occupations (includes data scientists),85,257007.6437,,,feb21pub.zip,2021,2026-09-11,4bc11d5fe2b879135ec2dd399be73f8d5521d0ae436ba6c6e85b4af9a695e752
2021-03-01,1240,Other mathematical science occupations (includes data scientists),80,256761.3732,,,mar21pub.zip,2021,2026-09-11,4f8209220c131fc784ec46c29834aea7e60432622dd3d2653695ce7c4043fc02
2021-04-01,1240,Other mathematical science occupations (includes data scientists),88,266905.59660000005,,,apr21pub.zip,2021,2026-09-11,b3e68a876cb79db0f51a654fd4345c5d0c320aafa421023b80562b6f6adceb02
2021-05-01,1240,Other mathematical science occupations (includes data scientists),87,293862.5833,,,may21pub.zip,2021,2026-09-11,53bd6d6181a51ba87ac956b6a7e4dfa4e0102bd67bcee589714ef7cffe632845
2021-06-01,1240,Other mathematical science occupations (includes data scientists),80,276884.4483000001,,,jun21pub.csv,2021,2026-09-11,2fa435433b4d5cdfdff451279359cc418aa6b40a4ae964c9c37b1dcaf5e0c721
2021-07-01,1240,Other mathematical science occupations (includes data scientists),84,309481.84410000016,,,jul21pub.zip,2021,2026-09-11,d4b128dc203431cab485e25faccd46474795a7262fd3b2a7a0677f9f3eeb6f11
2021-08-01,1240,Other mathematical science occupations (includes data scientists),85,265518.3318,,,aug21pub.zip,2021,2026-09-11,3c621606d84038675b6e2e2b043a74b45776ef629075e18493394d1e3383be9d
2021-09-01,1240,Other mathematical science occupations (includes data scientists),80,257674.7465,,,sep21pub.zip,2021,2026-09-11,debae49fc32bfb34353b6fda9f585f743f4a74519d1420358044561e8c34c233
2021-10-01,1240,Other mathematical science occupations (includes data scientists),96,307426.0674000002,,,oct21pub.zip,2021,2026-09-11,bc7e2c55c2d9b512287bee4e24e743740ede91835ac4247f3f4cd10319844c65
2021-11-01,1240,Other mathematical science occupations (includes data scientists),110,375597.9023999998,,,nov21pub.zip,2021,2026-09-11,4815da6987519025ea80c4380ff7dc1236e51bfaf3ecb893cec9d96cfbe96ead
2021-12-01,1240,Other mathematical science occupations (includes data scientists),95,348531.53439999995,,,dec21pub.zip,2021,2026-09-11,2aedc8a664e56e19ea814e3db6cf8239f588e0ef3d0eef4430e252f6866cbd8b
2022-01-01,1240,Other mathematical science occupations (includes data scientists),102,375152.9626999999,,,jan22pub.zip,2022,2026-09-11,541d4084e8fd73ecaf2fb8ff0a989867390815aa5d298552576a6416edf2f792
2022-02-01,1240,Other mathematical science occupations (includes data scientists),105,362520.8430999999,,,feb22pub.zip,2022,2026-09-11,a2059eb95b772945a5181c9ab46c8389ea4dc694dbf8c6771a32cf8683c4467d
2022-03-01,1240,Other mathematical science occupations (includes data scientists),86,292873.9921000001,,,mar22pub.zip,2022,2026-09-11,089ed6c57588927d725b9aaeefddc15fe45606a7743af0100d7b96e3d90d883f
2022-04-01,1240,Other mathematical science occupations (includes data scientists),92,313737.2717000001,,,apr22pub.zip,2022,2026-09-11,fd886b2a54114e3e4820dc5b145bab644a897640fa7fa0f45c1b61c20364b20b
2022-05-01,1240,Other mathematical science occupations (includes data scientists),95,322131.02119999996,,,may22pub.zip,2022,2026-09-11,98a49d52aa19084f699f3437b215d35021756fd2f094c8db6e3a5747d5484518
2022-06-01,1240,Other mathematical science occupations (includes data scientists),93,326652.1004,,,jun22pub.zip,2022,2026-09-11,235dddea7ebe8a1ad8349df1a275d24e1c0e26a53deff40c345108c1a693e743
2022-07-01,1240,Other mathematical science occupations (includes data scientists),119,408613.94119999994,,,jul22pub.zip,2022,2026-09-11,56c0dd8987cf0aafbd719cf5c9a2cdd05e600f6a6aa4d98c79224e118c3ebf2b
2022-08-01,1240,Other mathematical science occupations (includes data scientists),118,409141.76780000003,,,aug22pub.zip,2022,2026-09-11,b1d4014c01dbda463f656fc69caee621bded02cc172c0be59d04d752b417b0a2
2022-09-01,1240,Other mathematical science occupations (includes data scientists),116,402090.1571999999,,,sep22pub.zip,2022,2026-09-11,497c0eb4869932547b1dea130206d20e1d5d522c32e347a299ff175eeee675a0
2022-10-01,1240,Other mathematical science occupations (includes data scientists),127,438003.0547999999,,,oct22pub.zip,2022,2026-09-11,1ed7d23e88f8cc29ed4f03896f177f301e20eb3d6f94238471f3df431e8889ab
2022-11-01,1240,Other mathematical science occupations (includes data scientists),108,364337.79550000007,,,nov22pub.zip,2022,2026-09-11,97fd511bde70ecb5133ce764291aeb1f62a6c2ecc3c85b4fa861e03020eb7795
2022-12-01,1240,Other mathematical science occupations (includes data scientists),113,408880.6871000003,,,dec22pub.zip,2022,2026-09-11,6c73d2fa4d1ecc3f16677e87f8475205cf83afbf2743eb7a8821c6d5da820487
2023-01-01,1240,Other mathematical science occupations (includes data scientists),111,390784.43389999995,,,jan23pub.zip,2023,2026-09-11,e987ed466d19a9a958650f19858091385130acd82996ecf3e2b11cb123273747
2023-02-01,1240,Other mathematical science occupations (includes data scientists),111,413588.06709999987,,,feb23pub.zip,2023,2026-09-11,0b827f07d6c94fe828d492d779bc7f8fc900a2a54bbd5f74f08980280680d849
2023-03-01,1240,Other mathematical science occupations (includes data scientists),134,498552.23799999984,,,mar23pub.zip,2023,2026-09-11,d126d7f1483cf2b32288eaf234c0051db6ce347a59058ee6b83406c85721dc7f
2023-04-01,1240,Other mathematical science occupations (includes data scientists),150,522516.1506999998,,,apr23pub.zip,2023,2026-09-11,be52165b2cbc508f09c6cce54d9cf1e34083260cc4e23f6801d5ab3c4a204d1f
2023-05-01,1240,Other mathematical science occupations (includes data scientists),143,490313.8079000001,,,may23pub.zip,2023,2026-09-11,6838bdde7e2ad7c5f37d4895a2a291ecf14fa7698815fdaf3eabb1bd7df52359
2023-06-01,1240,Other mathematical science occupations (includes data scientists),134,490960.5576999998,,,jun23pub.zip,2023,2026-09-11,c2a1ebef7f9ef4c7bf46b613065ebc5978fc578effd0172e358d51cce1941716
2023-07-01,1240,Other mathematical science occupations (includes data scientists),148,503562.77319999994,,,jul23pub.zip,2023,2026-09-11,f3bf101584cc398e6903fcf081d2e676ab9704f48e9f7ae7ca372d5a6b5caa3d
2023-08-01,1240,Other mathematical science occupations (includes data scientists),142,487798.7457999997,,,aug23pub.zip,2023,2026-09-11,c434943cb7d4ea3a51645e21ae6027bfdbf8ca19a050a75e63d0092c4f313f1d
2023-09-01,1240,Other mathematical science occupations (includes data scientists),119,412095.75369999994,,,sep23pub.zip,2023,2026-09-11,0ee72447d5bb8ad3fd0312a1281e15108d5b8ab2c14f4ec7a063cb6aa41aa40a
2023-10-01,1240,Other mathematical science occupations (includes data scientists),120,400322.28270000004,,,oct23pub.zip,2023,2026-09-11,6d87e7c393fa374184598489dd5068a2af2b5f1e987c25519458c12fbf88b09d
2023-11-01,1240,Other mathematical science occupations (includes data scientists),118,423954.40839999984,,,nov23pub.zip,2023,2026-09-11,d4e06e7f27dead0a0cd5166433196be2dde8ddc07f7e43aeb52e3c3bad1141ac
2023-12-01,1240,Other mathematical science occupations (includes data scientists),116,426595.2267,,,dec23pub.zip,2023,2026-09-11,45520bf1e5fb6a3f0950b2c1649d9673c036734778bcc7a3a41bb86144231ecb
2024-01-01,1240,Other mathematical science occupations (includes data scientists),129,467655.0378999999,,,jan24pub.zip,2024,2026-09-11,3429f6f1265c3a5e6a72d18fa134e5adc670084f0454a117f09d7bd45ee51e54
2024-02-01,1240,Other mathematical science occupations (includes data scientists),110,415872.99620000005,,,feb24pub.zip,2024,2026-09-11,69855648c50cdadbd1cf35749435d2a35de7fa2727b58d5769d757b9026e81bd
2024-03-01,1240,Other mathematical science occupations (includes data scientists),109,414250.89489999996,,,mar24pub.zip,2024,2026-09-11,31da6ab601f9ce58abc4bba6016e449a3f571d7e43e15ef38477a4499fb53ef1
2024-04-01,1240,Other mathematical science occupations (includes data scientists),122,429000.4977999998,,,apr24pub.zip,2024,2026-09-11,448814c2a60227247b52c34971884b89724dfe5ada7c7dc2fde037725c3afa1e
2024-05-01,1240,Other mathematical science occupations (includes data scientists),128,463684.30739999993,,,may24pub.zip,2024,2026-09-11,61ef229a58bf6d51ff513a513c64c03777512b95c9347ed245d05dd8662cf2c8
2024-06-01,1240,Other mathematical science occupations (includes data scientists),128,452208.9046999999,,,jun24pub.zip,2024,2026-09-11,026df8110d6dfd24722cbc4281b926b0632d595ee55a2a5282a2bf8fe3977721
2024-07-01,1240,Other mathematical science occupations (includes data scientists),112,391964.35959999985,,,jul24pub.zip,2024,2026-09-11,b1e0e8d1e7249724c92c4a774119296dd153e999cac59669b420e1a6cba5cb2d
2024-08-01,1240,Other mathematical science occupations (includes data scientists),112,385228.58849999995,,,aug24pub.zip,2024,2026-09-11,34b2d654d55d4d7ef8ec876f55886c83092aafb9695dfd468b1a7b1301263297
2024-09-01,1240,Other mathematical science occupations (includes data scientists),111,374153.2848999999,,,sep24pub.zip,2024,2026-09-11,1a3b4e107e03530577bfb3dba62b48ee7733eac68ef2f3f24f92024711aa2aa6
2024-10-01,1240,Other mathematical science occupations (includes data scientists),140,490411.17569999985,,,oct24pub.zip,2024,2026-09-11,cbc31df91a90aa6246c145f7ed4c6144e72519b48365c2b7568626b81b1fdf76
2024-11-01,1240,Other mathematical science occupations (includes data scientists),141,526596.9545000001,,,nov24pub.zip,2024,2026-09-11,52da422e5971e4b942088a6c7cad92ef47daaa59dfadb0e91c0a0e79c3b07841
2024-12-01,1240,Other mathematical science occupations (includes data scientists),135,527468.4722999998,,,dec24pub.zip,2024,2026-09-11,204c4044957f68c34f507130d2c93c664451618fd02ae8821ef6807d76ec63d5
2025-01-01,1240,Other mathematical science occupations (includes data scientists),146,559768.6397000005,,,jan25pub.zip,2025,2026-09-11,cdb338ac3b6b8ed1c21eb4a6bd4271848e93d5f7b63f8b141d80e45a149a1be9
2025-02-01,1240,Other mathematical science occupations (includes data scientists),145,541013.7888000002,,,feb25pub.zip,2025,2026-09-11,7c8b44665d5ec96cc2357dd6b42c7e4bd7e3017bf47ac21357355f8bda9c4515
2025-03-01,1240,Other mathematical science occupations (includes data scientists),131,453005.67520000006,,,mar25pub.zip,2025,2026-09-11,972db21bbe95f2373c63866ba9e34e3500136887e8cb06c4241244445ca761f3
2025-04-01,1240,Other mathematical science occupations (includes data scientists),127,444816.9932000001,,,apr25pub.zip,2025,2026-09-11,d98e2795b23477bbc77af02f41238df7b0b3859e5500d145f8a8d108c94488b9
2025-05-01,1240,Other mathematical science occupations (includes data scientists),142,529702.2025,,,may25pub.zip,2025,2026-09-11,fcd1ecb10726c2a5eb0b4ee70e0a63c57a4c40d489b042732d7286891ef63e54
2025-06-01,1240,Other mathematical science occupations (includes data scientists),162,638691.8254999998,,,jun25pub.zip,2025,2026-09-11,4a668c0556a84ad4a7fc8c3f394dbf8f7d4324e4f5be57693bf2e2c80bb20864
2025-07-01,1240,Other mathematical science occupations (includes data scientists),145,595908.3910999999,,,jul25pub.zip,2025,2026-09-11,8aa086ef593e25d7cc3964a00c527fde489f17f94622e549b8a8d5680a1adc6b
2025-08-01,1240,Other mathematical science occupations (includes data scientists),163,626149.2313000001,,,aug25pub.zip,2025,2026-09-11,f8c0ccd066878c8bfae6c1c28c05bf1dfe2390cf02c464ac52634b0b9b09e304
2025-09-01,1240,Other mathematical science occupations (includes data scientists),145,547604.9505,,,sep25pub.zip,2025,2026-09-11,bb99b19ea30ad86934238c7660a45b6db23a966b97eddd94c9316be01e30e12c
2025-11-01,1240,Other mathematical science occupations (includes data scientists),138,541778.8129,,,nov25pub.zip,2025,2026-09-11,0cc0d2d69fd6e8f35ac580b24398a0c9071be99735ee613e7172eebc61d9910b
2025-12-01,1240,Other mathematical science occupations (includes data scientists),137,533377.7799000001,,,dec25pub.zip,2025,2026-09-11,143dc842a9cac93c7299d3deb40f1f45df345eaa920e862958e669a3b4149667
2026-01-01,1240,Other mathematical science occupations (includes data scientists),136,523799.9206,,,jan26pub.zip,2026,2026-09-11,91d11a2248671a9dae10595d42763bf6d4e9b645ba204a67331cb24ed740a143
2026-02-01,1240,Other mathematical science occupations (includes data scientists),136,559954.9741000001,,,feb26pub.zip,2026,2026-09-11,7dee00d43a58e1e7a85f2d209c492d860b09cd393bbbe588e542fec15e77b720
2026-03-01,1240,Other mathematical science occupations (includes data scientists),137,573709.2893,,,mar26pub.zip,2026,2026-09-11,bd6c8da5059168898b172d47a81c770f54679b705f72e4299a35f95ede0b71e2
2026-04-01,1240,Other mathematical science occupations (includes data scientists),126,527502.2111000002,,,apr26pub.zip,2026,2026-09-11,a33452a8dd608588f9b05eb688b73dc832926a13564a364f17ee9314d17e5ed8
2026-05-01,1240,Other mathematical science occupations (includes data scientists),127,491249.24709999986,,,may26pub.zip,2026,2026-09-11,fa379f5184dce886db825cd4d953d8d72c2ed2918c8a29e67ebeda63d543c920
2026-06-01,1240,Other mathematical science occupations (includes data scientists),118,447962.15789999993,,,jun26pub.zip,2026,2026-09-11,942c775982b825c18b118e18ab308da189b9806b4757751954938fd6cbc7ecf5
2026-07-01,1240,Other mathematical science occupations (includes data scientists),130,511354.4857000001,,,jul26pub.zip,2026,2026-09-11,75a411524cd1fd1eff0a9d5c55a20ef3166db1fa51db1927f365a3a33403c9ec
2026-08-01,1240,Other mathematical science occupations (includes data scientists),128,517322.43059999996,,,aug26pub.zip,2026,2026-09-11,2b39b4825b03ead5ffb5c22afb3134d556c4b028b146127355f71a4d68632b2c
